[{"metadata":{"updatedOn":1753362823218,"updatedBy":"Gilles Muyshondt","createdBy":"Wouter Lemaire","createdOn":1741272805101,"context":{"id":"SUB_ACCOUNT","contextType":"sub_account","tenantId":"aaf91952505d6f943f20ae4116bcaafb","identityZoneId":"02d92747-a1a7-4889-8bb8-c75935d90429","instanceId":"d1bbfd5e-53f8-4634-8cbf-18665ba30196"}},"cdm":{"texts":{"cdm|identification|title":{"type":"XTIT","value":{"":"BI - HR - PA-OM"}},"cdm|identification|description":{"type":"XTIT","value":{"":""}}},"payload":{"viz":[]},"_version":"3.0","relations":{"viz":[{"label":"ref","target":{"id":"384613d5-6dca-42f4-b704-3b7e6b5ebe8c","context":{"id":"SUB_ACCOUNT","type":"SUB_ACCOUNT"},"entityType":"businessapp","properties":{"vizId":"Default-VizId"}}},{"label":"ref","target":{"id":"3f070b20-ced7-4d5b-bbcb-633672d478ea","context":{"id":"SUB_ACCOUNT","type":"SUB_ACCOUNT"},"entityType":"businessapp","properties":{"vizId":"Default-VizId"}}},{"label":"ref","target":{"id":"eb235f28-58a8-42a8-8263-3963eff3c2b8","context":{"id":"SUB_ACCOUNT","type":"SUB_ACCOUNT"},"entityType":"businessapp","properties":{"vizId":"Default-VizId"}}},{"label":"ref","target":{"id":"b5117637-81d3-4700-b251-0c1c03e5d286","context":{"id":"SUB_ACCOUNT","type":"SUB_ACCOUNT"},"entityType":"businessapp","properties":{"vizId":"Default-VizId"}}},{"label":"ref","target":{"id":"f2b95179-74f5-4900-a17d-bb0c04670d32","context":{"id":"SUB_ACCOUNT","type":"SUB_ACCOUNT"},"entityType":"businessapp","properties":{"vizId":"Default-VizId"}}},{"label":"ref","target":{"id":"6fac1034-b5e8-4736-b941-1370f432870d","context":{"id":"SUB_ACCOUNT","type":"SUB_ACCOUNT"},"entityType":"businessapp","properties":{"vizId":"Default-VizId"}}},{"label":"ref","target":{"id":"16172530-8e70-4c92-b263-d641b7947e82","context":{"id":"SUB_ACCOUNT","type":"SUB_ACCOUNT"},"entityType":"businessapp","properties":{"vizId":"Default-VizId"}}},{"label":"ref","target":{"id":"3ffaecf4-1526-4f05-a0ad-735e7db6762d","context":{"id":"SUB_ACCOUNT","type":"SUB_ACCOUNT"},"entityType":"businessapp","properties":{"vizId":"Default-VizId"}}},{"label":"ref","target":{"id":"953c7a9a-3fb0-44ae-96b2-6ab951351140","context":{"id":"SUB_ACCOUNT","type":"SUB_ACCOUNT"},"entityType":"businessapp","properties":{"vizId":"Default-VizId"}}},{"label":"ref","target":{"id":"5ecb73ae-2962-4094-981a-20c65f246d75","context":{"id":"SUB_ACCOUNT","type":"SUB_ACCOUNT"},"entityType":"businessapp","properties":{"vizId":"Default-VizId"}}},{"label":"ref","target":{"id":"024aef62-6513-4956-a72e-c4bea7c92237","context":{"id":"SUB_ACCOUNT","type":"SUB_ACCOUNT"},"entityType":"businessapp","properties":{"vizId":"Default-VizId"}}},{"label":"ref","target":{"id":"bb8984bb-141f-48a2-8cd8-46c7545c8cda","context":{"id":"SUB_ACCOUNT","type":"SUB_ACCOUNT"},"entityType":"businessapp","properties":{"vizId":"Default-VizId"}}},{"label":"ref","target":{"id":"048bf286-7c66-445c-85e8-0bfdd97da4a6","context":{"id":"SUB_ACCOUNT","type":"SUB_ACCOUNT"},"entityType":"businessapp","properties":{"vizId":"Default-VizId"}}},{"label":"ref","target":{"id":"3814945a-d60a-4f6d-bd83-251f0aa942ba","context":{"id":"SUB_ACCOUNT","type":"SUB_ACCOUNT"},"entityType":"businessapp","properties":{"vizId":"Default-VizId"}}},{"label":"ref","target":{"id":"ab5ec544-7565-4033-ad94-3c41b255a5fe","context":{"id":"SUB_ACCOUNT","type":"SUB_ACCOUNT"},"entityType":"businessapp","properties":{"vizId":"Default-VizId"}}},{"label":"ref","target":{"id":"a26b6fb4-c4e3-4829-b895-4961d4a6f926","context":{"id":"SUB_ACCOUNT","type":"SUB_ACCOUNT"},"entityType":"businessapp","properties":{"vizId":"Default-VizId"}}},{"label":"ref","target":{"id":"f441f31b-0960-44e1-a768-57f8a42dd6ae","context":{"id":"SUB_ACCOUNT","type":"SUB_ACCOUNT"},"entityType":"businessapp","properties":{"vizId":"Default-VizId"}}},{"label":"ref","target":{"id":"564ebc20-fd72-450b-9192-db101c79d791","context":{"id":"SUB_ACCOUNT","type":"SUB_ACCOUNT"},"entityType":"businessapp","properties":{"vizId":"Default-VizId"}}},{"label":"ref","target":{"id":"9cc6c9bd-f675-4d15-b2b7-2ef2c1c07e29","context":{"id":"SUB_ACCOUNT","type":"SUB_ACCOUNT"},"entityType":"businessapp","properties":{"vizId":"Default-VizId"}}},{"label":"ref","target":{"id":"f1872bcb-2e0e-4f45-b5ec-1c930e083af4","context":{"id":"SUB_ACCOUNT","type":"SUB_ACCOUNT"},"entityType":"businessapp","properties":{"vizId":"Default-VizId"}}},{"label":"ref","target":{"id":"20561ffa-43b4-4277-b2a7-7ae5897dda03","context":{"id":"SUB_ACCOUNT","type":"SUB_ACCOUNT"},"entityType":"businessapp","properties":{"vizId":"Default-VizId"}}},{"label":"ref","target":{"id":"012758e0-ef83-4843-8611-4f9f0e79c0e1","context":{"id":"SUB_ACCOUNT","type":"SUB_ACCOUNT"},"entityType":"businessapp","properties":{"vizId":"Default-VizId"}}},{"label":"ref","target":{"id":"527dbb1d-5e90-4c76-af5b-450039a490ca","context":{"id":"SUB_ACCOUNT","type":"SUB_ACCOUNT"},"entityType":"businessapp","properties":{"vizId":"Default-VizId"}}},{"label":"ref","target":{"id":"7b92ed76-74a5-409f-a605-e1ad38643bb5","context":{"id":"SUB_ACCOUNT","type":"SUB_ACCOUNT"},"entityType":"businessapp","properties":{"vizId":"Default-VizId"}}},{"label":"ref","target":{"id":"e275e3d8-c45b-4cab-91c3-e4447b8520af","context":{"id":"SUB_ACCOUNT","type":"SUB_ACCOUNT"},"entityType":"businessapp","properties":{"vizId":"Default-VizId"}}},{"label":"ref","target":{"id":"031c2608-f288-462b-8119-f7b8ba5b65eb","context":{"id":"SUB_ACCOUNT","type":"SUB_ACCOUNT"},"entityType":"businessapp","properties":{"vizId":"Default-VizId"}}},{"label":"ref","target":{"id":"1a346cc7-7068-48f4-a70b-b6171302f801","context":{"id":"SUB_ACCOUNT","type":"SUB_ACCOUNT"},"entityType":"businessapp","properties":{"vizId":"Default-VizId"}}},{"label":"ref","target":{"id":"ec533e1f-2da1-4572-8452-cf0cbbec13dc","context":{"id":"SUB_ACCOUNT","type":"SUB_ACCOUNT"},"entityType":"businessapp","properties":{"vizId":"Default-VizId"}}},{"label":"ref","target":{"id":"2cfa30b4-676c-468e-a60b-8db39dca0f27","context":{"id":"SUB_ACCOUNT","type":"SUB_ACCOUNT"},"entityType":"businessapp","properties":{"vizId":"Default-VizId"}}},{"label":"ref","target":{"id":"18fcb20c-e2b4-4e41-8e59-a4e9d711c7f7","context":{"id":"SUB_ACCOUNT","type":"SUB_ACCOUNT"},"entityType":"businessapp","properties":{"vizId":"Default-VizId"}}},{"label":"ref","target":{"id":"e69565ab-8bbf-4729-ab94-a558cb8f94a5","context":{"id":"SUB_ACCOUNT","type":"SUB_ACCOUNT"},"entityType":"businessapp","properties":{"vizId":"Default-VizId"}}},{"label":"ref","target":{"id":"92433bc1-d2cf-4bc1-a476-cc73a6a971f5","context":{"id":"SUB_ACCOUNT","type":"SUB_ACCOUNT"},"entityType":"businessapp","properties":{"vizId":"Default-VizId"}}},{"label":"ref","target":{"id":"bc8128ec-ce99-4f73-9ab6-6b38c831d57f","context":{"id":"SUB_ACCOUNT","type":"SUB_ACCOUNT"},"entityType":"businessapp","properties":{"vizId":"Default-VizId"}}},{"label":"ref","target":{"id":"7499afa8-bd6c-4673-a571-076dd5e53ee5","context":{"id":"SUB_ACCOUNT","type":"SUB_ACCOUNT"},"entityType":"businessapp","properties":{"vizId":"Default-VizId"}}},{"label":"ref","target":{"id":"c82eb61d-3283-4714-9617-791563f8c20f","context":{"id":"SUB_ACCOUNT","type":"SUB_ACCOUNT"},"entityType":"businessapp","properties":{"vizId":"Default-VizId"}}},{"label":"ref","target":{"id":"68aa9bc8-c3b4-4ede-9ba4-add2f1b890db","context":{"id":"SUB_ACCOUNT","type":"SUB_ACCOUNT"},"entityType":"businessapp","properties":{"vizId":"Default-VizId"}}},{"label":"ref","target":{"id":"0cd501e6-dbb1-4484-bb15-535847b8cb7d","context":{"id":"SUB_ACCOUNT","type":"SUB_ACCOUNT"},"entityType":"businessapp","properties":{"vizId":"Default-VizId"}}},{"label":"ref","target":{"id":"fd1539bc-7508-439c-8c52-b0068038c38f","context":{"id":"SUB_ACCOUNT","type":"SUB_ACCOUNT"},"entityType":"businessapp","properties":{"vizId":"Default-VizId"}}},{"label":"ref","target":{"id":"fd96d773-1efc-46c8-9572-8cc8fd9c6c88","context":{"id":"SUB_ACCOUNT","type":"SUB_ACCOUNT"},"entityType":"businessapp","properties":{"vizId":"Default-VizId"}}},{"label":"ref","target":{"id":"a3190dc7-6cef-401b-b36f-d0cd6edf5054","context":{"id":"SUB_ACCOUNT","type":"SUB_ACCOUNT"},"entityType":"businessapp","properties":{"vizId":"Default-VizId"}}}]},"identification":{"id":"5381dd11-de97-4c1e-916f-cdf2b2d4b84b","title":"{{cdm|identification|title}}","entityType":"catalog","description":"{{cdm|identification|description}}"}}},{"metadata":{"updatedOn":1753182623583,"updatedBy":"Gilles Muyshondt","createdBy":"Gilles Muyshondt","createdOn":1753182623583,"context":{"id":"SUB_ACCOUNT","contextType":"sub_account","tenantId":"aaf91952505d6f943f20ae4116bcaafb","identityZoneId":"02d92747-a1a7-4889-8bb8-c75935d90429","instanceId":"d1bbfd5e-53f8-4634-8cbf-18665ba30196"}},"cdm":{"texts":{"cdm|identification|title":{"type":"XTIT","value":{"":"H2R MyPay"}},"cdm|identification|description":{"type":"XTIT","value":{"":"MyPay from HR-rail"}}},"payload":{"viz":[]},"_version":"3.0","relations":{"viz":[{"label":"ref","target":{"id":"e0f2f204-b0a9-4e80-bead-1bcff62e358e","context":{"id":"SUB_ACCOUNT","type":"SUB_ACCOUNT"},"entityType":"businessapp","properties":{"vizId":"Default-VizId"}}}]},"identification":{"id":"ce60adb4-da10-44c3-86a0-a0ad493bef2d","title":"{{cdm|identification|title}}","entityType":"catalog","description":"{{cdm|identification|description}}"}}},{"metadata":{"updatedOn":1729236898759,"updatedBy":"Wouter Lemaire","createdBy":"Wouter Lemaire","createdOn":1729236898759,"context":{"id":"SUB_ACCOUNT","contextType":"sub_account","tenantId":"aaf91952505d6f943f20ae4116bcaafb","identityZoneId":"02d92747-a1a7-4889-8bb8-c75935d90429","instanceId":"d1bbfd5e-53f8-4634-8cbf-18665ba30196"}},"cdm":{"texts":{"cdm|identification|title":{"type":"XTIT","value":{"":"My Workplace"}},"cdm|identification|description":{"type":"XTIT","value":{"":"My Workplace (Helios)"}}},"payload":{"viz":[]},"_version":"3.0","relations":{"viz":[{"label":"ref","target":{"id":"f5dd9541-a826-4551-819a-1ebb5c33bbe3","context":{"id":"SUB_ACCOUNT","type":"SUB_ACCOUNT"},"entityType":"businessapp","properties":{"vizId":"ops-helios"}}},{"label":"ref","target":{"id":"25cb4b48-275a-4659-b8a9-4f964af54dc6","context":{"id":"SUB_ACCOUNT","type":"SUB_ACCOUNT"},"entityType":"businessapp","properties":{"vizId":"ops-helios"}}},{"label":"ref","target":{"id":"33603d43-83cc-4d9e-bf5e-0c0007ccbfc2","context":{"id":"SUB_ACCOUNT","type":"SUB_ACCOUNT"},"entityType":"businessapp","properties":{"vizId":"ops-helios"}}},{"label":"ref","target":{"id":"5b39a632-2898-4001-898c-7863bd908388","context":{"id":"SUB_ACCOUNT","type":"SUB_ACCOUNT"},"entityType":"businessapp","properties":{"vizId":"ops-helios"}}},{"label":"ref","target":{"id":"96956100-5815-453e-aadd-f1b88532522e","context":{"id":"SUB_ACCOUNT","type":"SUB_ACCOUNT"},"entityType":"businessapp","properties":{"vizId":"ops-helios"}}}]},"identification":{"id":"fbcc7814-9dee-460b-9f16-666904b0b252","title":"{{cdm|identification|title}}","entityType":"catalog","description":"{{cdm|identification|description}}"}}},{"metadata":{"updatedOn":1729236834005,"updatedBy":"Wouter Lemaire","createdBy":"Wouter Lemaire","createdOn":1729230912450,"context":{"id":"SUB_ACCOUNT","contextType":"sub_account","tenantId":"aaf91952505d6f943f20ae4116bcaafb","identityZoneId":"02d92747-a1a7-4889-8bb8-c75935d90429","instanceId":"d1bbfd5e-53f8-4634-8cbf-18665ba30196"}},"cdm":{"texts":{"cdm|identification|title":{"type":"XTIT","value":{"":"My Team"}},"cdm|identification|description":{"type":"XTIT","value":{"":"My Team (Helios)"}}},"payload":{"viz":[]},"_version":"3.0","relations":{"viz":[{"label":"ref","target":{"id":"19395605-6789-4542-becb-65999f1a64b2","context":{"id":"SUB_ACCOUNT","type":"SUB_ACCOUNT"},"entityType":"businessapp","properties":{"vizId":"ops-helios"}}},{"label":"ref","target":{"id":"cddd7f2c-15b8-415f-9423-696dd66d74de","context":{"id":"SUB_ACCOUNT","type":"SUB_ACCOUNT"},"entityType":"businessapp","properties":{"vizId":"ops-helios"}}},{"label":"ref","target":{"id":"c08bf33c-f85e-4c29-886b-814ac0a0dd6a","context":{"id":"SUB_ACCOUNT","type":"SUB_ACCOUNT"},"entityType":"businessapp","properties":{"vizId":"ops-helios"}}},{"label":"ref","target":{"id":"ec43ba42-16bd-49a9-b996-03fe9aa6738e","context":{"id":"SUB_ACCOUNT","type":"SUB_ACCOUNT"},"entityType":"businessapp","properties":{"vizId":"ops-helios"}}},{"label":"ref","target":{"id":"cb9ba99d-5c6c-48eb-83fc-8b4cae98d856","context":{"id":"SUB_ACCOUNT","type":"SUB_ACCOUNT"},"entityType":"businessapp","properties":{"vizId":"ops-helios"}}},{"label":"ref","target":{"id":"22ad4c98-ff24-4313-9357-b34a5b540603","context":{"id":"SUB_ACCOUNT","type":"SUB_ACCOUNT"},"entityType":"businessapp","properties":{"vizId":"ops-helios"}}}]},"identification":{"id":"a83b6115-9dac-45ee-af66-ff19aca07847","title":"{{cdm|identification|title}}","entityType":"catalog","description":"{{cdm|identification|description}}"}}},{"metadata":{"updatedOn":1717058951000,"updatedBy":"EXU243","createdBy":"EXU243","createdOn":1717058951000,"context":{"id":"SUB_ACCOUNT","contextType":"sub_account","tenantId":"aaf91952505d6f943f20ae4116bcaafb","identityZoneId":"02d92747-a1a7-4889-8bb8-c75935d90429","instanceId":"d1bbfd5e-53f8-4634-8cbf-18665ba30196"}},"cdm":{"texts":{"cdm|identification|title":{"type":"XTIT","value":{"":"Entity in charge of Maintenance (ECM)"}},"cdm|identification|description":{"type":"XTIT","value":{"":"Entity in charge of Maintenance (ECM)"}}},"payload":{"viz":[]},"_version":"3.0","relations":{"viz":[{"label":"ref","target":{"id":"saas_approuter_be.nmbs.zecmmywagons","context":{"id":"SUB_ACCOUNT","type":"SUB_ACCOUNT"},"entityType":"businessapp","properties":{"vizId":"MyWagons-manage"}}}]},"identification":{"id":"0f117950-7462-42b0-bced-bba28d9c4dd8","title":"{{cdm|identification|title}}","entityType":"catalog","description":"{{cdm|identification|description}}"}}},{"metadata":{"updatedOn":1717058893000,"updatedBy":"EXU243","createdBy":"EXU243","createdOn":1717058893000,"context":{"id":"SUB_ACCOUNT","contextType":"sub_account","tenantId":"aaf91952505d6f943f20ae4116bcaafb","identityZoneId":"02d92747-a1a7-4889-8bb8-c75935d90429","instanceId":"d1bbfd5e-53f8-4634-8cbf-18665ba30196"}},"cdm":{"texts":{"cdm|identification|title":{"type":"XTIT","value":{"":"Wagon Maintenance Services (WMS)"}},"cdm|identification|description":{"type":"XTIT","value":{"":"Wagon Maintenance Services (WMS)"}}},"payload":{"viz":[]},"_version":"3.0","relations":{"viz":[{"label":"ref","target":{"id":"ff83f39c-3822-4a0a-aef8-fe5e4a6632a3","context":{"id":"SUB_ACCOUNT","type":"SUB_ACCOUNT"},"entityType":"businessapp","properties":{"vizId":"Invoices-manage"}}},{"label":"ref","target":{"id":"saas_approuter_zwmsinvcsintvns","context":{"id":"SUB_ACCOUNT","type":"SUB_ACCOUNT"},"entityType":"businessapp","properties":{"vizId":"Invoices-manage"}}}]},"identification":{"id":"4c7af21d-5f72-4cae-9a54-4ed890873249","title":"{{cdm|identification|title}}","entityType":"catalog","description":"{{cdm|identification|description}}"}}}]