{"id":"WZ_LOCAL_EMM_BTC","relations":{"businessapp":["saas_approuter_matconmaster","saas_approuter_be.nmbs.plugins.nfcscanning","saas_approuter_userParameters","saas_approuter_NFCManagement","saas_approuter_Validation.validation","saas_approuter_zopsafterdetail","saas_approuter_be.nmbs.zopsprogress","saas_approuter_Chronos","saas_approuter_zopsafter","saas_approuter_be.nmbs.metrix","saas_approuter_area51.Area51","saas_approuter_be.nmbs.sapstartredirect","saas_approuter_zopsnotif"],"sitereferences":["sitereferences.default"],"space":["8f093ba8-94f3-4e7b-a3c9-8cce7daba59b"]}}