{"id":"WZ_LOCAL_ALL_SPACES","relations":{"businessapp":["saas_approuter_be.nmbs.plugins.wzanalyticspluginshellapp","saas_approuter_be.nmbs.plugins.wzdeactivatehome","saas_approuter_be.nmbs.plugins.laserscanningplugin","saas_approuter_be.nmbs.wzpluginlanguageswitch"],"sitereferences":["sitereferences.default"],"space":["291fbc7c-6b44-484b-bc38-99b330f47911","c4b665b8-ac51-49a8-9a58-a3e1136788bd","8f093ba8-94f3-4e7b-a3c9-8cce7daba59b","699761df-ba3f-4efb-b0ae-b76cdb37d1da","c82dddf6-823e-4e9f-913a-b5e669662f4f","ad58488e-fc53-4645-8253-491ed828fa94","cc9ed476-363d-44a9-b749-57a956e753b7","89fa406f-2c39-4f2e-8b00-d51bd7bce0cc","fcb549ba-2c8d-4983-a1d0-c8bc247c149e","72c20317-3c19-4753-8cc8-8cd07c18700f","4eb4144d-bfb0-414e-9743-f0f4bbab3db8","f84fac2e-480f-47f6-a27f-62ec833a6472","1b00e09d-4f31-4e14-9797-e8365c19d177","bc24749b-9e81-4b97-9f13-73db523bd188"]}}