[{"metadata":{"updatedOn":1748010001926,"updatedBy":"Wouter Lemaire","createdBy":"Wouter Lemaire","createdOn":1748010001926,"context":{"id":"SUB_ACCOUNT","contextType":"sub_account","tenantId":"aaf91952505d6f943f20ae4116bcaafb","identityZoneId":"02d92747-a1a7-4889-8bb8-c75935d90429","instanceId":"d1bbfd5e-53f8-4634-8cbf-18665ba30196"}},"cdm":{"texts":{"cdm|identification|title":{"type":"XTIT","value":{"":"WebApps Trainmanagers"}},"cdm|identification|description":{"type":"XTIT","value":{"":""}},"cdm|payload|visualizations|Default-VizId|vizConfig|sap.app|info":{"type":"XTIT","value":{"":""}},"cdm|payload|visualizations|Default-VizId|vizConfig|sap.app|subTitle":{"type":"XTIT","value":{"":""}}},"payload":{"defaultViz":"Default-VizId","defaultVizType":"sap.ushell.StaticAppLauncher","visualizations":{"Default-VizId":{"vizType":"sap.ushell.StaticAppLauncher","vizConfig":{"sap.ui":{"icons":{"icon":""}},"sap.app":{"info":"{{cdm|payload|visualizations|Default-VizId|vizConfig|sap.app|info}}","subTitle":"{{cdm|payload|visualizations|Default-VizId|vizConfig|sap.app|subTitle}}"},"sap.flp":{"target":{"type":"IBN","inboundId":"303d0e01-17d3-4850-a8fb-032a635b3344___GenericDefaultSemantic-__GenericDefaultAction","parameters":{}}}}}},"targetAppConfig":{"sap.ui":{"deviceTypes":{"phone":true,"tablet":true,"desktop":true}},"sap.app":{"tags":{"keywords":[]},"destination":"","crossNavigation":{"inbounds":{"303d0e01-17d3-4850-a8fb-032a635b3344___GenericDefaultSemantic-__GenericDefaultAction":{"action":"display","signature":{"parameters":{},"additionalParameters":"allowed"},"deviceTypes":{"phone":true,"tablet":true,"desktop":true},"semanticObject":"ZNMBSTrainmanagers"}}}},"_version":"1.13.0","sap.integration":{"navMode":"inplace","urlTemplateId":"urltemplate.url","urlTemplateParams":{"url":"https://belgianrail.sharepoint.com/sites/Webapps","query":{},"enableSapParams":true,"enableIntentParams":false}}}},"_version":"3.0","identification":{"id":"303d0e01-17d3-4850-a8fb-032a635b3344","title":"{{cdm|identification|title}}","entityType":"businessapp","description":"{{cdm|identification|description}}"}}},{"metadata":{"updatedOn":1750076968722,"updatedBy":"Frederik Jooken","createdBy":"Frederik Jooken","createdOn":1750076968722,"context":{"id":"SUB_ACCOUNT","contextType":"sub_account","tenantId":"aaf91952505d6f943f20ae4116bcaafb","identityZoneId":"02d92747-a1a7-4889-8bb8-c75935d90429","instanceId":"d1bbfd5e-53f8-4634-8cbf-18665ba30196"}},"cdm":{"texts":{},"payload":{"systemAlias":{"id":"saas_approuter","https":{}},"targetAppConfig":{"sap.app":{"providerId":"saas_approuter","destination":"saas_approuter"}}},"_version":"3.0","relations":{"base":[{"label":"extends","target":{"id":"be.nmbs.scanner","context":{"id":"saas_approuter_b-fdn-dev","type":"SNAPSHOT"},"entityType":"businessapp"}}]},"identification":{"id":"saas_approuter_be.nmbs.scanner","entityType":"businessapp","providerId":"saas_approuter"}}},{"metadata":{"updatedOn":1745311448634,"updatedBy":"Frederik Jooken","createdBy":"Frederik Jooken","createdOn":1745311448634,"context":{"id":"SUB_ACCOUNT","contextType":"sub_account","tenantId":"aaf91952505d6f943f20ae4116bcaafb","identityZoneId":"02d92747-a1a7-4889-8bb8-c75935d90429","instanceId":"d1bbfd5e-53f8-4634-8cbf-18665ba30196"}},"cdm":{"texts":{},"payload":{"systemAlias":{"id":"saas_approuter","https":{}},"targetAppConfig":{"sap.app":{"providerId":"saas_approuter","destination":"saas_approuter"}}},"_version":"3.0","relations":{"base":[{"label":"extends","target":{"id":"be.nmbs.scm.zscmusersettings","context":{"id":"saas_approuter_b-fdn-dev","type":"SNAPSHOT"},"entityType":"businessapp"}}]},"identification":{"id":"saas_approuter_be.nmbs.scm.zscmusersettings","entityType":"businessapp","providerId":"saas_approuter"}}},{"metadata":{"updatedOn":1746013024427,"updatedBy":"Frederik Jooken","createdBy":"Frederik Jooken","createdOn":1746013024427,"context":{"id":"SUB_ACCOUNT","contextType":"sub_account","tenantId":"aaf91952505d6f943f20ae4116bcaafb","identityZoneId":"02d92747-a1a7-4889-8bb8-c75935d90429","instanceId":"d1bbfd5e-53f8-4634-8cbf-18665ba30196"}},"cdm":{"texts":{},"payload":{"systemAlias":{"id":"saas_approuter","https":{}},"targetAppConfig":{"sap.app":{"providerId":"saas_approuter","destination":"saas_approuter"}}},"_version":"3.0","relations":{"base":[{"label":"extends","target":{"id":"be.nmbs.scm.zscmputaway","context":{"id":"saas_approuter_b-fdn-dev","type":"SNAPSHOT"},"entityType":"businessapp"}}]},"identification":{"id":"saas_approuter_be.nmbs.scm.zscmputaway","entityType":"businessapp","providerId":"saas_approuter"}}},{"metadata":{"updatedOn":1755700750707,"updatedBy":"Frederik Jooken","createdBy":"Frederik Jooken","createdOn":1755700750707,"context":{"id":"SUB_ACCOUNT","contextType":"sub_account","tenantId":"aaf91952505d6f943f20ae4116bcaafb","identityZoneId":"02d92747-a1a7-4889-8bb8-c75935d90429","instanceId":"d1bbfd5e-53f8-4634-8cbf-18665ba30196"}},"cdm":{"texts":{},"payload":{"systemAlias":{"id":"saas_approuter","https":{}},"targetAppConfig":{"sap.app":{"providerId":"saas_approuter","destination":"saas_approuter"}}},"_version":"3.0","relations":{"base":[{"label":"extends","target":{"id":"be.nmbs.scm.zscmspotinventory","context":{"id":"saas_approuter_b-fdn-dev","type":"SNAPSHOT"},"entityType":"businessapp"}}]},"identification":{"id":"saas_approuter_be.nmbs.scm.zscmspotinventory","entityType":"businessapp","providerId":"saas_approuter"}}},{"metadata":{"updatedOn":1750145649646,"updatedBy":"Frederik Jooken","createdBy":"Frederik Jooken","createdOn":1750145649646,"context":{"id":"SUB_ACCOUNT","contextType":"sub_account","tenantId":"aaf91952505d6f943f20ae4116bcaafb","identityZoneId":"02d92747-a1a7-4889-8bb8-c75935d90429","instanceId":"d1bbfd5e-53f8-4634-8cbf-18665ba30196"}},"cdm":{"texts":{},"payload":{"systemAlias":{"id":"saas_approuter","https":{}},"targetAppConfig":{"sap.app":{"providerId":"saas_approuter","destination":"saas_approuter"}}},"_version":"3.0","relations":{"base":[{"label":"extends","target":{"id":"be.nmbs.scm.zscmpicking","context":{"id":"saas_approuter_b-fdn-dev","type":"SNAPSHOT"},"entityType":"businessapp"}}]},"identification":{"id":"saas_approuter_be.nmbs.scm.zscmpicking","entityType":"businessapp","providerId":"saas_approuter"}}},{"metadata":{"updatedOn":1758001184002,"updatedBy":"Frederik Jooken","createdBy":"Frederik Jooken","createdOn":1758001184002,"context":{"id":"SUB_ACCOUNT","contextType":"sub_account","tenantId":"aaf91952505d6f943f20ae4116bcaafb","identityZoneId":"02d92747-a1a7-4889-8bb8-c75935d90429","instanceId":"d1bbfd5e-53f8-4634-8cbf-18665ba30196"}},"cdm":{"texts":{},"payload":{"systemAlias":{"id":"saas_approuter","https":{}},"targetAppConfig":{"sap.app":{"providerId":"saas_approuter","destination":"saas_approuter"}}},"_version":"3.0","relations":{"base":[{"label":"extends","target":{"id":"be.nmbs.scm.zscmgoodsreceipt","context":{"id":"saas_approuter_b-fdn-dev","type":"SNAPSHOT"},"entityType":"businessapp"}}]},"identification":{"id":"saas_approuter_be.nmbs.scm.zscmgoodsreceipt","entityType":"businessapp","providerId":"saas_approuter"}}},{"metadata":{"updatedOn":1759220210218,"updatedBy":"Frederik Jooken","createdBy":"Frederik Jooken","createdOn":1759220210218,"context":{"id":"SUB_ACCOUNT","contextType":"sub_account","tenantId":"aaf91952505d6f943f20ae4116bcaafb","identityZoneId":"02d92747-a1a7-4889-8bb8-c75935d90429","instanceId":"d1bbfd5e-53f8-4634-8cbf-18665ba30196"}},"cdm":{"texts":{},"payload":{"systemAlias":{"id":"saas_approuter","https":{}},"targetAppConfig":{"sap.app":{"providerId":"saas_approuter","destination":"saas_approuter"}}},"_version":"3.0","relations":{"base":[{"label":"extends","target":{"id":"be.nmbs.scm.zscmmanualmove","context":{"id":"saas_approuter_b-fdn-dev","type":"SNAPSHOT"},"entityType":"businessapp"}}]},"identification":{"id":"saas_approuter_be.nmbs.scm.zscmmanualmove","entityType":"businessapp","providerId":"saas_approuter"}}},{"metadata":{"updatedOn":1755590636455,"updatedBy":"Gilles Muyshondt","createdBy":"Gilles Muyshondt","createdOn":1755589360317,"context":{"id":"SUB_ACCOUNT","contextType":"sub_account","tenantId":"aaf91952505d6f943f20ae4116bcaafb","identityZoneId":"02d92747-a1a7-4889-8bb8-c75935d90429","instanceId":"d1bbfd5e-53f8-4634-8cbf-18665ba30196"}},"cdm":{"texts":{"cdm|identification|title":{"type":"XTIT","value":{"":"UIC Messages"}},"cdm|identification|description":{"type":"XTIT","value":{"":""}},"cdm|payload|visualizations|Default-VizId|vizConfig|sap.app|info":{"type":"XTIT","value":{"":""}},"cdm|payload|visualizations|Default-VizId|vizConfig|sap.app|subTitle":{"type":"XTIT","value":{"":""}}},"payload":{"defaultViz":"Default-VizId","defaultVizType":"sap.ushell.StaticAppLauncher","visualizations":{"Default-VizId":{"vizType":"sap.ushell.StaticAppLauncher","vizConfig":{"sap.ui":{"icons":{"icon":"sap-icon://menu"}},"sap.app":{"info":"{{cdm|payload|visualizations|Default-VizId|vizConfig|sap.app|info}}","subTitle":"{{cdm|payload|visualizations|Default-VizId|vizConfig|sap.app|subTitle}}"},"sap.flp":{"target":{"type":"IBN","inboundId":"5a82b3af-9bf4-4ace-b7dd-162d44fc7c6b___GenericDefaultSemantic-__GenericDefaultAction","parameters":{}}}}}},"targetAppConfig":{"sap.ui":{"deviceTypes":{"phone":true,"tablet":true,"desktop":true}},"sap.app":{"tags":{"keywords":[]},"destination":"bdportal","crossNavigation":{"inbounds":{"5a82b3af-9bf4-4ace-b7dd-162d44fc7c6b___GenericDefaultSemantic-__GenericDefaultAction":{"action":"display","signature":{"parameters":{},"additionalParameters":"allowed"},"deviceTypes":{"phone":true,"tablet":true,"desktop":true},"semanticObject":"UICMessages"}}}},"_version":"1.13.0","sap.integration":{"navMode":"explace","urlTemplateId":"urltemplate.url-dynamic","urlTemplateParams":{"path":"/irj/servlet/prt/portal/prtroot/pcd!3aportal_content!2fproduction!2fOP!2fworkplace!2fiviews!2fbe.nmbs.op.workplace.iviews.uicmessagescomponent","query":{},"enableSapParams":true,"enableIntentParams":false}}}},"_version":"3.0","identification":{"id":"5a82b3af-9bf4-4ace-b7dd-162d44fc7c6b","title":"{{cdm|identification|title}}","entityType":"businessapp","description":"{{cdm|identification|description}}"}}},{"metadata":{"updatedOn":1752068306246,"updatedBy":"Frederik Jooken","createdBy":"Frederik Jooken","createdOn":1752068306246,"context":{"id":"SUB_ACCOUNT","contextType":"sub_account","tenantId":"aaf91952505d6f943f20ae4116bcaafb","identityZoneId":"02d92747-a1a7-4889-8bb8-c75935d90429","instanceId":"d1bbfd5e-53f8-4634-8cbf-18665ba30196"}},"cdm":{"texts":{},"payload":{"systemAlias":{"id":"saas_approuter","https":{}},"targetAppConfig":{"sap.app":{"providerId":"saas_approuter","destination":"saas_approuter"}}},"_version":"3.0","relations":{"base":[{"label":"extends","target":{"id":"be.nmbs.scm.zscmcycleinventory","context":{"id":"saas_approuter_b-fdn-dev","type":"SNAPSHOT"},"entityType":"businessapp"}}]},"identification":{"id":"saas_approuter_be.nmbs.scm.zscmcycleinventory","entityType":"businessapp","providerId":"saas_approuter"}}}]