[{"metadata":{"updatedOn":1767104041966,"updatedBy":"Frederik Jooken","createdBy":"Frederik Jooken","createdOn":1767104041966,"context":{"id":"SUB_ACCOUNT","contextType":"sub_account","tenantId":"aaf91952505d6f943f20ae4116bcaafb","identityZoneId":"02d92747-a1a7-4889-8bb8-c75935d90429","instanceId":"d1bbfd5e-53f8-4634-8cbf-18665ba30196"}},"cdm":{"texts":{},"payload":{},"_version":"3.0","relations":{"apps":[],"base":[{"label":"extends","target":{"id":"~ds4_110_DS4_FIOA_ALLA_SCMXXX","context":{"id":"DS4_110","type":"SNAPSHOT"},"entityType":"role"}}]},"identification":{"id":"~ds4_110_DS4_FIOA_ALLA_SCMXXX","entityType":"role","providerId":"DS4_110"}}},{"metadata":{"updatedOn":1756367860651,"updatedBy":"sysUser","createdBy":"sysUser","createdOn":1756367860651,"context":{"id":"SUB_ACCOUNT","contextType":"sub_account","tenantId":"aaf91952505d6f943f20ae4116bcaafb","identityZoneId":"02d92747-a1a7-4889-8bb8-c75935d90429","instanceId":"d1bbfd5e-53f8-4634-8cbf-18665ba30196"}},"cdm":{"texts":{},"payload":{},"_version":"3.0","relations":{"apps":[],"base":[{"label":"extends","target":{"id":"~be.nmbs.scm.zovpkg2_be.nmbs.scm.zscmovervizscmovew2.tilerole","context":{"id":"be.nmbs.scm.zovpkg2","type":"SNAPSHOT"},"entityType":"role"}}]},"identification":{"id":"~be.nmbs.scm.zovpkg2_be.nmbs.scm.zscmovervizscmovew2.tilerole","entityType":"role","providerId":"be.nmbs.scm.zovpkg2"}}},{"metadata":{"updatedOn":1756366999735,"updatedBy":"Wouter Lemaire","createdBy":"Wouter Lemaire","createdOn":1756366999735,"context":{"id":"SUB_ACCOUNT","contextType":"sub_account","tenantId":"aaf91952505d6f943f20ae4116bcaafb","identityZoneId":"02d92747-a1a7-4889-8bb8-c75935d90429","instanceId":"d1bbfd5e-53f8-4634-8cbf-18665ba30196"}},"cdm":{"texts":{},"payload":{},"_version":"3.0","relations":{"apps":[],"base":[{"label":"extends","target":{"id":"~be.nmbs.scm.zovpkg_be.nmbs.scm.zscmoverview.tilerole","context":{"id":"be.nmbs.scm.zovpkg","type":"SNAPSHOT"},"entityType":"role"}}]},"identification":{"id":"~be.nmbs.scm.zovpkg_be.nmbs.scm.zscmoverview.tilerole","entityType":"role","providerId":"be.nmbs.scm.zovpkg"}}},{"metadata":{"updatedOn":1751057900316,"updatedBy":"Wouter Lemaire","createdBy":"Wouter Lemaire","createdOn":1751057900316,"context":{"id":"SUB_ACCOUNT","contextType":"sub_account","tenantId":"aaf91952505d6f943f20ae4116bcaafb","identityZoneId":"02d92747-a1a7-4889-8bb8-c75935d90429","instanceId":"d1bbfd5e-53f8-4634-8cbf-18665ba30196"}},"cdm":{"texts":{},"payload":{},"_version":"3.0","relations":{"apps":[],"base":[{"label":"extends","target":{"id":"~be.nmbs.scm.cardpkg_be.nmbs.scm.zscmcustomcard.tilerole","context":{"id":"be.nmbs.scm.cardpkg","type":"SNAPSHOT"},"entityType":"role"}}]},"identification":{"id":"~be.nmbs.scm.cardpkg_be.nmbs.scm.zscmcustomcard.tilerole","entityType":"role","providerId":"be.nmbs.scm.cardpkg"}}}]