[{"metadata":{"updatedOn":1767104041966,"updatedBy":"Frederik Jooken","createdBy":"Frederik Jooken","createdOn":1767104041966,"context":{"id":"SUB_ACCOUNT","contextType":"sub_account","tenantId":"aaf91952505d6f943f20ae4116bcaafb","identityZoneId":"02d92747-a1a7-4889-8bb8-c75935d90429","instanceId":"d1bbfd5e-53f8-4634-8cbf-18665ba30196"}},"cdm":{"texts":{},"payload":{},"_version":"3.0","relations":{"apps":[],"base":[{"label":"extends","target":{"id":"~ds4_110_DS4_FIOA_ALLA_P2MAXX","context":{"id":"DS4_110","type":"SNAPSHOT"},"entityType":"role"}}]},"identification":{"id":"~ds4_110_DS4_FIOA_ALLA_P2MAXX","entityType":"role","providerId":"DS4_110"}}},{"metadata":{"updatedOn":1767104041966,"updatedBy":"Frederik Jooken","createdBy":"Frederik Jooken","createdOn":1767104041966,"context":{"id":"SUB_ACCOUNT","contextType":"sub_account","tenantId":"aaf91952505d6f943f20ae4116bcaafb","identityZoneId":"02d92747-a1a7-4889-8bb8-c75935d90429","instanceId":"d1bbfd5e-53f8-4634-8cbf-18665ba30196"}},"cdm":{"texts":{},"payload":{},"_version":"3.0","relations":{"apps":[],"base":[{"label":"extends","target":{"id":"~ds4_110_DS4_FIOA_ALLA_S2PXXX","context":{"id":"DS4_110","type":"SNAPSHOT"},"entityType":"role"}}]},"identification":{"id":"~ds4_110_DS4_FIOA_ALLA_S2PXXX","entityType":"role","providerId":"DS4_110"}}},{"metadata":{"updatedOn":1767104041966,"updatedBy":"Frederik Jooken","createdBy":"Frederik Jooken","createdOn":1767104041966,"context":{"id":"SUB_ACCOUNT","contextType":"sub_account","tenantId":"aaf91952505d6f943f20ae4116bcaafb","identityZoneId":"02d92747-a1a7-4889-8bb8-c75935d90429","instanceId":"d1bbfd5e-53f8-4634-8cbf-18665ba30196"}},"cdm":{"texts":{},"payload":{},"_version":"3.0","relations":{"apps":[],"base":[{"label":"extends","target":{"id":"~ds4_110_DS4_FIOA_ALLA_SCMXXX","context":{"id":"DS4_110","type":"SNAPSHOT"},"entityType":"role"}}]},"identification":{"id":"~ds4_110_DS4_FIOA_ALLA_SCMXXX","entityType":"role","providerId":"DS4_110"}}},{"metadata":{"updatedOn":1767018730600,"updatedBy":"Frederik Jooken","createdBy":"Frederik Jooken","createdOn":1767018730600,"context":{"id":"SUB_ACCOUNT","contextType":"sub_account","tenantId":"aaf91952505d6f943f20ae4116bcaafb","identityZoneId":"02d92747-a1a7-4889-8bb8-c75935d90429","instanceId":"d1bbfd5e-53f8-4634-8cbf-18665ba30196"}},"cdm":{"texts":{},"payload":{},"_version":"3.0","relations":{"apps":[],"base":[{"label":"extends","target":{"id":"~gbx_S4D_FIOA_BTWX_XXXXX","context":{"id":"GBX","type":"SNAPSHOT"},"entityType":"role"}}]},"identification":{"id":"~gbx_S4D_FIOA_BTWX_XXXXX","entityType":"role","providerId":"GBX"}}},{"metadata":{"updatedOn":1767018724463,"updatedBy":"Frederik Jooken","createdBy":"Frederik Jooken","createdOn":1767018724463,"context":{"id":"SUB_ACCOUNT","contextType":"sub_account","tenantId":"aaf91952505d6f943f20ae4116bcaafb","identityZoneId":"02d92747-a1a7-4889-8bb8-c75935d90429","instanceId":"d1bbfd5e-53f8-4634-8cbf-18665ba30196"}},"cdm":{"texts":{},"payload":{},"_version":"3.0","relations":{"apps":[],"base":[{"label":"extends","target":{"id":"~gbx_S4D_FIOA_SDOA_XXXXX","context":{"id":"GBX","type":"SNAPSHOT"},"entityType":"role"}}]},"identification":{"id":"~gbx_S4D_FIOA_SDOA_XXXXX","entityType":"role","providerId":"GBX"}}},{"metadata":{"updatedOn":1766394361965,"updatedBy":"Frederik Jooken","createdBy":"Frederik Jooken","createdOn":1766394361965,"context":{"id":"SUB_ACCOUNT","contextType":"sub_account","tenantId":"aaf91952505d6f943f20ae4116bcaafb","identityZoneId":"02d92747-a1a7-4889-8bb8-c75935d90429","instanceId":"d1bbfd5e-53f8-4634-8cbf-18665ba30196"}},"cdm":{"texts":{},"payload":{},"_version":"3.0","relations":{"apps":[],"base":[{"label":"extends","target":{"id":"~ds4_110_DS4_FIOA_DEVA_TEMP","context":{"id":"DS4_110","type":"SNAPSHOT"},"entityType":"role"}}]},"identification":{"id":"~ds4_110_DS4_FIOA_DEVA_TEMP","entityType":"role","providerId":"DS4_110"}}},{"metadata":{"updatedOn":1766394361965,"updatedBy":"Frederik Jooken","createdBy":"Frederik Jooken","createdOn":1766394361965,"context":{"id":"SUB_ACCOUNT","contextType":"sub_account","tenantId":"aaf91952505d6f943f20ae4116bcaafb","identityZoneId":"02d92747-a1a7-4889-8bb8-c75935d90429","instanceId":"d1bbfd5e-53f8-4634-8cbf-18665ba30196"}},"cdm":{"texts":{},"payload":{},"_version":"3.0","relations":{"apps":[],"base":[{"label":"extends","target":{"id":"~ds4_110_DS4_FIOA_ALLA_R2RXXX","context":{"id":"DS4_110","type":"SNAPSHOT"},"entityType":"role"}}]},"identification":{"id":"~ds4_110_DS4_FIOA_ALLA_R2RXXX","entityType":"role","providerId":"DS4_110"}}},{"metadata":{"updatedOn":1766394361965,"updatedBy":"Frederik Jooken","createdBy":"Frederik Jooken","createdOn":1766394361965,"context":{"id":"SUB_ACCOUNT","contextType":"sub_account","tenantId":"aaf91952505d6f943f20ae4116bcaafb","identityZoneId":"02d92747-a1a7-4889-8bb8-c75935d90429","instanceId":"d1bbfd5e-53f8-4634-8cbf-18665ba30196"}},"cdm":{"texts":{},"payload":{},"_version":"3.0","relations":{"apps":[],"base":[{"label":"extends","target":{"id":"~ds4_110_DS4_FIOA_ALLA_H2RXXX","context":{"id":"DS4_110","type":"SNAPSHOT"},"entityType":"role"}}]},"identification":{"id":"~ds4_110_DS4_FIOA_ALLA_H2RXXX","entityType":"role","providerId":"DS4_110"}}},{"metadata":{"updatedOn":1766394361965,"updatedBy":"Frederik Jooken","createdBy":"Frederik Jooken","createdOn":1766394361965,"context":{"id":"SUB_ACCOUNT","contextType":"sub_account","tenantId":"aaf91952505d6f943f20ae4116bcaafb","identityZoneId":"02d92747-a1a7-4889-8bb8-c75935d90429","instanceId":"d1bbfd5e-53f8-4634-8cbf-18665ba30196"}},"cdm":{"texts":{},"payload":{},"_version":"3.0","relations":{"apps":[],"base":[{"label":"extends","target":{"id":"~ds4_110_DS4_FIOA_ALLA_MFPXXX","context":{"id":"DS4_110","type":"SNAPSHOT"},"entityType":"role"}}]},"identification":{"id":"~ds4_110_DS4_FIOA_ALLA_MFPXXX","entityType":"role","providerId":"DS4_110"}}},{"metadata":{"updatedOn":1766394361965,"updatedBy":"Frederik Jooken","createdBy":"Frederik Jooken","createdOn":1766394361965,"context":{"id":"SUB_ACCOUNT","contextType":"sub_account","tenantId":"aaf91952505d6f943f20ae4116bcaafb","identityZoneId":"02d92747-a1a7-4889-8bb8-c75935d90429","instanceId":"d1bbfd5e-53f8-4634-8cbf-18665ba30196"}},"cdm":{"texts":{},"payload":{},"_version":"3.0","relations":{"apps":[],"base":[{"label":"extends","target":{"id":"~ds4_110_DS4_FIOA_ALLA_O2CXXX","context":{"id":"DS4_110","type":"SNAPSHOT"},"entityType":"role"}}]},"identification":{"id":"~ds4_110_DS4_FIOA_ALLA_O2CXXX","entityType":"role","providerId":"DS4_110"}}},{"metadata":{"updatedOn":1765960921987,"updatedBy":"Frederik Jooken","createdBy":"Wouter Lemaire","createdOn":1746796513486,"context":{"id":"SUB_ACCOUNT","contextType":"sub_account","tenantId":"aaf91952505d6f943f20ae4116bcaafb","identityZoneId":"02d92747-a1a7-4889-8bb8-c75935d90429","instanceId":"d1bbfd5e-53f8-4634-8cbf-18665ba30196"}},"cdm":{"texts":{"cdm|identification|title":{"type":"XTIT","value":{"":" WZ_LOCAL_ALL_SPACES"}},"cdm|identification|description":{"type":"XTIT","value":{"":""}}},"payload":{"apps":[]},"_version":"3.0","relations":{"apps":[{"label":"ref","target":{"id":"saas_approuter_be.nmbs.plugins.laserscanningplugin","context":{"id":"SUB_ACCOUNT","type":"SUB_ACCOUNT"},"entityType":"businessapp"}},{"label":"ref","target":{"id":"saas_approuter_be.nmbs.plugins.wzanalyticspluginshellapp","context":{"id":"SUB_ACCOUNT","type":"SUB_ACCOUNT"},"entityType":"businessapp"}},{"label":"ref","target":{"id":"saas_approuter_be.nmbs.plugins.wzdeactivatehome","context":{"id":"SUB_ACCOUNT","type":"SUB_ACCOUNT"},"entityType":"businessapp"}},{"label":"ref","target":{"id":"saas_approuter_be.nmbs.wzpluginlanguageswitch","context":{"id":"SUB_ACCOUNT","type":"SUB_ACCOUNT"},"entityType":"businessapp"}}],"spaces":[{"label":"ref","target":{"id":"fcb549ba-2c8d-4983-a1d0-c8bc247c149e","context":{"id":"SUB_ACCOUNT","type":"SUB_ACCOUNT"},"entityType":"space"}},{"label":"ref","target":{"id":"89fa406f-2c39-4f2e-8b00-d51bd7bce0cc","context":{"id":"SUB_ACCOUNT","type":"SUB_ACCOUNT"},"entityType":"space"}},{"label":"ref","target":{"id":"c82dddf6-823e-4e9f-913a-b5e669662f4f","context":{"id":"SUB_ACCOUNT","type":"SUB_ACCOUNT"},"entityType":"space"}},{"label":"ref","target":{"id":"291fbc7c-6b44-484b-bc38-99b330f47911","context":{"id":"SUB_ACCOUNT","type":"SUB_ACCOUNT"},"entityType":"space"}},{"label":"ref","target":{"id":"bc24749b-9e81-4b97-9f13-73db523bd188","context":{"id":"SUB_ACCOUNT","type":"SUB_ACCOUNT"},"entityType":"space"}},{"label":"ref","target":{"id":"8f093ba8-94f3-4e7b-a3c9-8cce7daba59b","context":{"id":"SUB_ACCOUNT","type":"SUB_ACCOUNT"},"entityType":"space"}},{"label":"ref","target":{"id":"ad58488e-fc53-4645-8253-491ed828fa94","context":{"id":"SUB_ACCOUNT","type":"SUB_ACCOUNT"},"entityType":"space"}},{"label":"ref","target":{"id":"4eb4144d-bfb0-414e-9743-f0f4bbab3db8","context":{"id":"SUB_ACCOUNT","type":"SUB_ACCOUNT"},"entityType":"space"}},{"label":"ref","target":{"id":"c4b665b8-ac51-49a8-9a58-a3e1136788bd","context":{"id":"SUB_ACCOUNT","type":"SUB_ACCOUNT"},"entityType":"space"}},{"label":"ref","target":{"id":"72c20317-3c19-4753-8cc8-8cd07c18700f","context":{"id":"SUB_ACCOUNT","type":"SUB_ACCOUNT"},"entityType":"space"}},{"label":"ref","target":{"id":"699761df-ba3f-4efb-b0ae-b76cdb37d1da","context":{"id":"SUB_ACCOUNT","type":"SUB_ACCOUNT"},"entityType":"space"}},{"label":"ref","target":{"id":"f84fac2e-480f-47f6-a27f-62ec833a6472","context":{"id":"SUB_ACCOUNT","type":"SUB_ACCOUNT"},"entityType":"space"}},{"label":"ref","target":{"id":"cc9ed476-363d-44a9-b749-57a956e753b7","context":{"id":"SUB_ACCOUNT","type":"SUB_ACCOUNT"},"entityType":"space"}},{"label":"ref","target":{"id":"1b00e09d-4f31-4e14-9797-e8365c19d177","context":{"id":"SUB_ACCOUNT","type":"SUB_ACCOUNT"},"entityType":"space"}}]},"identification":{"id":"WZ_LOCAL_ALL_SPACES","title":"{{cdm|identification|title}}","entityType":"role","description":"{{cdm|identification|description}}"}}},{"metadata":{"updatedOn":1759220286632,"updatedBy":"Frederik Jooken","createdBy":"Wouter Lemaire","createdOn":1750941727180,"context":{"id":"SUB_ACCOUNT","contextType":"sub_account","tenantId":"aaf91952505d6f943f20ae4116bcaafb","identityZoneId":"02d92747-a1a7-4889-8bb8-c75935d90429","instanceId":"d1bbfd5e-53f8-4634-8cbf-18665ba30196"}},"cdm":{"texts":{"cdm|identification|title":{"type":"XTIT","value":{"":"WZ Local Supply Chain"}},"cdm|identification|description":{"type":"XTIT","value":{"":""}}},"payload":{"apps":[]},"_version":"3.0","relations":{"apps":[{"label":"ref","target":{"id":"saas_approuter_be.nmbs.scanner","context":{"id":"SUB_ACCOUNT","type":"SUB_ACCOUNT"},"entityType":"businessapp"}},{"label":"ref","target":{"id":"saas_approuter_be.nmbs.scm.zscmpicking","context":{"id":"SUB_ACCOUNT","type":"SUB_ACCOUNT"},"entityType":"businessapp"}},{"label":"ref","target":{"id":"saas_approuter_be.nmbs.plugins.laserscanningplugin","context":{"id":"SUB_ACCOUNT","type":"SUB_ACCOUNT"},"entityType":"businessapp"}},{"label":"ref","target":{"id":"saas_approuter_be.nmbs.scm.zscmputaway","context":{"id":"SUB_ACCOUNT","type":"SUB_ACCOUNT"},"entityType":"businessapp"}},{"label":"ref","target":{"id":"saas_approuter_be.nmbs.scm.zscmusersettings","context":{"id":"SUB_ACCOUNT","type":"SUB_ACCOUNT"},"entityType":"businessapp"}},{"label":"ref","target":{"id":"saas_approuter_be.nmbs.scm.zscmcycleinventory","context":{"id":"SUB_ACCOUNT","type":"SUB_ACCOUNT"},"entityType":"businessapp"}},{"label":"ref","target":{"id":"saas_approuter_be.nmbs.scm.zscmspotinventory","context":{"id":"SUB_ACCOUNT","type":"SUB_ACCOUNT"},"entityType":"businessapp"}},{"label":"ref","target":{"id":"saas_approuter_be.nmbs.scm.zscmgoodsreceipt","context":{"id":"SUB_ACCOUNT","type":"SUB_ACCOUNT"},"entityType":"businessapp"}},{"label":"ref","target":{"id":"saas_approuter_be.nmbs.scm.zscmmanualmove","context":{"id":"SUB_ACCOUNT","type":"SUB_ACCOUNT"},"entityType":"businessapp"}}]},"identification":{"id":"WZ_LOCAL_SUPPLYCHAIN","title":"{{cdm|identification|title}}","entityType":"role","description":"{{cdm|identification|description}}"}}},{"metadata":{"updatedOn":1756385735028,"updatedBy":"Gilles Muyshondt","createdBy":"EXU243","createdOn":1726726752695,"context":{"id":"SUB_ACCOUNT","contextType":"sub_account","tenantId":"aaf91952505d6f943f20ae4116bcaafb","identityZoneId":"02d92747-a1a7-4889-8bb8-c75935d90429","instanceId":"d1bbfd5e-53f8-4634-8cbf-18665ba30196"}},"cdm":{"texts":{"cdm|identification|title":{"type":"XTIT","value":{"":"BTC Mobile"}},"cdm|identification|description":{"type":"XTIT","value":{"":""}}},"payload":{"apps":[]},"_version":"3.0","relations":{"apps":[{"label":"ref","target":{"id":"saas_approuter_be.nmbs.plugins.nfcscanning","context":{"id":"SUB_ACCOUNT","type":"SUB_ACCOUNT"},"entityType":"businessapp"}},{"label":"ref","target":{"id":"saas_approuter_Chronos","context":{"id":"SUB_ACCOUNT","type":"SUB_ACCOUNT"},"entityType":"businessapp"}},{"label":"ref","target":{"id":"saas_approuter_zopsafterdetail","context":{"id":"SUB_ACCOUNT","type":"SUB_ACCOUNT"},"entityType":"businessapp"}},{"label":"ref","target":{"id":"saas_approuter_matconmaster","context":{"id":"SUB_ACCOUNT","type":"SUB_ACCOUNT"},"entityType":"businessapp"}},{"label":"ref","target":{"id":"saas_approuter_area51.Area51","context":{"id":"SUB_ACCOUNT","type":"SUB_ACCOUNT"},"entityType":"businessapp"}},{"label":"ref","target":{"id":"saas_approuter_zopsnotif","context":{"id":"SUB_ACCOUNT","type":"SUB_ACCOUNT"},"entityType":"businessapp"}},{"label":"ref","target":{"id":"saas_approuter_NFCManagement","context":{"id":"SUB_ACCOUNT","type":"SUB_ACCOUNT"},"entityType":"businessapp"}},{"label":"ref","target":{"id":"saas_approuter_userParameters","context":{"id":"SUB_ACCOUNT","type":"SUB_ACCOUNT"},"entityType":"businessapp"}},{"label":"ref","target":{"id":"saas_approuter_Validation.validation","context":{"id":"SUB_ACCOUNT","type":"SUB_ACCOUNT"},"entityType":"businessapp"}},{"label":"ref","target":{"id":"saas_approuter_zopsafter","context":{"id":"SUB_ACCOUNT","type":"SUB_ACCOUNT"},"entityType":"businessapp"}},{"label":"ref","target":{"id":"saas_approuter_be.nmbs.metrix","context":{"id":"SUB_ACCOUNT","type":"SUB_ACCOUNT"},"entityType":"businessapp"}},{"label":"ref","target":{"id":"saas_approuter_be.nmbs.zopsprogress","context":{"id":"SUB_ACCOUNT","type":"SUB_ACCOUNT"},"entityType":"businessapp"}},{"label":"ref","target":{"id":"saas_approuter_be.nmbs.sapstartredirect","context":{"id":"SUB_ACCOUNT","type":"SUB_ACCOUNT"},"entityType":"businessapp"}}],"spaces":[{"label":"ref","target":{"id":"8f093ba8-94f3-4e7b-a3c9-8cce7daba59b","context":{"id":"SUB_ACCOUNT","type":"SUB_ACCOUNT"},"entityType":"space"}}]},"identification":{"id":"WZ_LOCAL_EMM_BTC","title":"{{cdm|identification|title}}","entityType":"role","description":"{{cdm|identification|description}}"}}},{"metadata":{"updatedOn":1756367860651,"updatedBy":"sysUser","createdBy":"sysUser","createdOn":1756367860651,"context":{"id":"SUB_ACCOUNT","contextType":"sub_account","tenantId":"aaf91952505d6f943f20ae4116bcaafb","identityZoneId":"02d92747-a1a7-4889-8bb8-c75935d90429","instanceId":"d1bbfd5e-53f8-4634-8cbf-18665ba30196"}},"cdm":{"texts":{},"payload":{},"_version":"3.0","relations":{"apps":[],"base":[{"label":"extends","target":{"id":"~be.nmbs.scm.zovpkg2_be.nmbs.scm.zscmovervizscmovew2.tilerole","context":{"id":"be.nmbs.scm.zovpkg2","type":"SNAPSHOT"},"entityType":"role"}}]},"identification":{"id":"~be.nmbs.scm.zovpkg2_be.nmbs.scm.zscmovervizscmovew2.tilerole","entityType":"role","providerId":"be.nmbs.scm.zovpkg2"}}},{"metadata":{"updatedOn":1756366999735,"updatedBy":"Wouter Lemaire","createdBy":"Wouter Lemaire","createdOn":1756366999735,"context":{"id":"SUB_ACCOUNT","contextType":"sub_account","tenantId":"aaf91952505d6f943f20ae4116bcaafb","identityZoneId":"02d92747-a1a7-4889-8bb8-c75935d90429","instanceId":"d1bbfd5e-53f8-4634-8cbf-18665ba30196"}},"cdm":{"texts":{},"payload":{},"_version":"3.0","relations":{"apps":[],"base":[{"label":"extends","target":{"id":"~be.nmbs.scm.zovpkg_be.nmbs.scm.zscmoverview.tilerole","context":{"id":"be.nmbs.scm.zovpkg","type":"SNAPSHOT"},"entityType":"role"}}]},"identification":{"id":"~be.nmbs.scm.zovpkg_be.nmbs.scm.zscmoverview.tilerole","entityType":"role","providerId":"be.nmbs.scm.zovpkg"}}},{"metadata":{"updatedOn":1755591268296,"updatedBy":"Gilles Muyshondt","createdBy":"Wouter Lemaire","createdOn":1741272778918,"context":{"id":"SUB_ACCOUNT","contextType":"sub_account","tenantId":"aaf91952505d6f943f20ae4116bcaafb","identityZoneId":"02d92747-a1a7-4889-8bb8-c75935d90429","instanceId":"d1bbfd5e-53f8-4634-8cbf-18665ba30196"}},"cdm":{"texts":{"cdm|identification|title":{"type":"XTIT","value":{"":"BI - HR - PA-OM"}},"cdm|identification|description":{"type":"XTIT","value":{"":""}}},"payload":{"apps":[]},"_version":"3.0","relations":{"apps":[{"label":"ref","target":{"id":"19241a7b-39a4-441f-9b50-e4a587ea7440","context":{"id":"SUB_ACCOUNT","type":"SUB_ACCOUNT"},"entityType":"businessapp"}},{"label":"ref","target":{"id":"384613d5-6dca-42f4-b704-3b7e6b5ebe8c","context":{"id":"SUB_ACCOUNT","type":"SUB_ACCOUNT"},"entityType":"businessapp"}},{"label":"ref","target":{"id":"3f070b20-ced7-4d5b-bbcb-633672d478ea","context":{"id":"SUB_ACCOUNT","type":"SUB_ACCOUNT"},"entityType":"businessapp"}},{"label":"ref","target":{"id":"eb235f28-58a8-42a8-8263-3963eff3c2b8","context":{"id":"SUB_ACCOUNT","type":"SUB_ACCOUNT"},"entityType":"businessapp"}},{"label":"ref","target":{"id":"b5117637-81d3-4700-b251-0c1c03e5d286","context":{"id":"SUB_ACCOUNT","type":"SUB_ACCOUNT"},"entityType":"businessapp"}},{"label":"ref","target":{"id":"f2b95179-74f5-4900-a17d-bb0c04670d32","context":{"id":"SUB_ACCOUNT","type":"SUB_ACCOUNT"},"entityType":"businessapp"}},{"label":"ref","target":{"id":"6fac1034-b5e8-4736-b941-1370f432870d","context":{"id":"SUB_ACCOUNT","type":"SUB_ACCOUNT"},"entityType":"businessapp"}},{"label":"ref","target":{"id":"78700bbd-65ea-41f4-8276-479fac32c6ca","context":{"id":"SUB_ACCOUNT","type":"SUB_ACCOUNT"},"entityType":"businessapp"}},{"label":"ref","target":{"id":"16172530-8e70-4c92-b263-d641b7947e82","context":{"id":"SUB_ACCOUNT","type":"SUB_ACCOUNT"},"entityType":"businessapp"}},{"label":"ref","target":{"id":"0cd501e6-dbb1-4484-bb15-535847b8cb7d","context":{"id":"SUB_ACCOUNT","type":"SUB_ACCOUNT"},"entityType":"businessapp"}},{"label":"ref","target":{"id":"f1872bcb-2e0e-4f45-b5ec-1c930e083af4","context":{"id":"SUB_ACCOUNT","type":"SUB_ACCOUNT"},"entityType":"businessapp"}},{"label":"ref","target":{"id":"fd1539bc-7508-439c-8c52-b0068038c38f","context":{"id":"SUB_ACCOUNT","type":"SUB_ACCOUNT"},"entityType":"businessapp"}},{"label":"ref","target":{"id":"f441f31b-0960-44e1-a768-57f8a42dd6ae","context":{"id":"SUB_ACCOUNT","type":"SUB_ACCOUNT"},"entityType":"businessapp"}},{"label":"ref","target":{"id":"564ebc20-fd72-450b-9192-db101c79d791","context":{"id":"SUB_ACCOUNT","type":"SUB_ACCOUNT"},"entityType":"businessapp"}},{"label":"ref","target":{"id":"048bf286-7c66-445c-85e8-0bfdd97da4a6","context":{"id":"SUB_ACCOUNT","type":"SUB_ACCOUNT"},"entityType":"businessapp"}},{"label":"ref","target":{"id":"3814945a-d60a-4f6d-bd83-251f0aa942ba","context":{"id":"SUB_ACCOUNT","type":"SUB_ACCOUNT"},"entityType":"businessapp"}},{"label":"ref","target":{"id":"024aef62-6513-4956-a72e-c4bea7c92237","context":{"id":"SUB_ACCOUNT","type":"SUB_ACCOUNT"},"entityType":"businessapp"}},{"label":"ref","target":{"id":"bb8984bb-141f-48a2-8cd8-46c7545c8cda","context":{"id":"SUB_ACCOUNT","type":"SUB_ACCOUNT"},"entityType":"businessapp"}},{"label":"ref","target":{"id":"e69565ab-8bbf-4729-ab94-a558cb8f94a5","context":{"id":"SUB_ACCOUNT","type":"SUB_ACCOUNT"},"entityType":"businessapp"}},{"label":"ref","target":{"id":"92433bc1-d2cf-4bc1-a476-cc73a6a971f5","context":{"id":"SUB_ACCOUNT","type":"SUB_ACCOUNT"},"entityType":"businessapp"}},{"label":"ref","target":{"id":"18fcb20c-e2b4-4e41-8e59-a4e9d711c7f7","context":{"id":"SUB_ACCOUNT","type":"SUB_ACCOUNT"},"entityType":"businessapp"}},{"label":"ref","target":{"id":"9cc6c9bd-f675-4d15-b2b7-2ef2c1c07e29","context":{"id":"SUB_ACCOUNT","type":"SUB_ACCOUNT"},"entityType":"businessapp"}},{"label":"ref","target":{"id":"7499afa8-bd6c-4673-a571-076dd5e53ee5","context":{"id":"SUB_ACCOUNT","type":"SUB_ACCOUNT"},"entityType":"businessapp"}},{"label":"ref","target":{"id":"031c2608-f288-462b-8119-f7b8ba5b65eb","context":{"id":"SUB_ACCOUNT","type":"SUB_ACCOUNT"},"entityType":"businessapp"}},{"label":"ref","target":{"id":"c82eb61d-3283-4714-9617-791563f8c20f","context":{"id":"SUB_ACCOUNT","type":"SUB_ACCOUNT"},"entityType":"businessapp"}},{"label":"ref","target":{"id":"68aa9bc8-c3b4-4ede-9ba4-add2f1b890db","context":{"id":"SUB_ACCOUNT","type":"SUB_ACCOUNT"},"entityType":"businessapp"}},{"label":"ref","target":{"id":"a3190dc7-6cef-401b-b36f-d0cd6edf5054","context":{"id":"SUB_ACCOUNT","type":"SUB_ACCOUNT"},"entityType":"businessapp"}},{"label":"ref","target":{"id":"fd96d773-1efc-46c8-9572-8cc8fd9c6c88","context":{"id":"SUB_ACCOUNT","type":"SUB_ACCOUNT"},"entityType":"businessapp"}},{"label":"ref","target":{"id":"3ffaecf4-1526-4f05-a0ad-735e7db6762d","context":{"id":"SUB_ACCOUNT","type":"SUB_ACCOUNT"},"entityType":"businessapp"}},{"label":"ref","target":{"id":"a26b6fb4-c4e3-4829-b895-4961d4a6f926","context":{"id":"SUB_ACCOUNT","type":"SUB_ACCOUNT"},"entityType":"businessapp"}},{"label":"ref","target":{"id":"5ecb73ae-2962-4094-981a-20c65f246d75","context":{"id":"SUB_ACCOUNT","type":"SUB_ACCOUNT"},"entityType":"businessapp"}},{"label":"ref","target":{"id":"953c7a9a-3fb0-44ae-96b2-6ab951351140","context":{"id":"SUB_ACCOUNT","type":"SUB_ACCOUNT"},"entityType":"businessapp"}},{"label":"ref","target":{"id":"ec533e1f-2da1-4572-8452-cf0cbbec13dc","context":{"id":"SUB_ACCOUNT","type":"SUB_ACCOUNT"},"entityType":"businessapp"}},{"label":"ref","target":{"id":"1a346cc7-7068-48f4-a70b-b6171302f801","context":{"id":"SUB_ACCOUNT","type":"SUB_ACCOUNT"},"entityType":"businessapp"}},{"label":"ref","target":{"id":"ab5ec544-7565-4033-ad94-3c41b255a5fe","context":{"id":"SUB_ACCOUNT","type":"SUB_ACCOUNT"},"entityType":"businessapp"}},{"label":"ref","target":{"id":"2cfa30b4-676c-468e-a60b-8db39dca0f27","context":{"id":"SUB_ACCOUNT","type":"SUB_ACCOUNT"},"entityType":"businessapp"}},{"label":"ref","target":{"id":"bc8128ec-ce99-4f73-9ab6-6b38c831d57f","context":{"id":"SUB_ACCOUNT","type":"SUB_ACCOUNT"},"entityType":"businessapp"}},{"label":"ref","target":{"id":"20561ffa-43b4-4277-b2a7-7ae5897dda03","context":{"id":"SUB_ACCOUNT","type":"SUB_ACCOUNT"},"entityType":"businessapp"}},{"label":"ref","target":{"id":"012758e0-ef83-4843-8611-4f9f0e79c0e1","context":{"id":"SUB_ACCOUNT","type":"SUB_ACCOUNT"},"entityType":"businessapp"}},{"label":"ref","target":{"id":"527dbb1d-5e90-4c76-af5b-450039a490ca","context":{"id":"SUB_ACCOUNT","type":"SUB_ACCOUNT"},"entityType":"businessapp"}},{"label":"ref","target":{"id":"7b92ed76-74a5-409f-a605-e1ad38643bb5","context":{"id":"SUB_ACCOUNT","type":"SUB_ACCOUNT"},"entityType":"businessapp"}},{"label":"ref","target":{"id":"e275e3d8-c45b-4cab-91c3-e4447b8520af","context":{"id":"SUB_ACCOUNT","type":"SUB_ACCOUNT"},"entityType":"businessapp"}},{"label":"ref","target":{"id":"477d2f4d-293b-4877-9c53-c6f0e640befa","context":{"id":"SUB_ACCOUNT","type":"SUB_ACCOUNT"},"entityType":"businessapp"}},{"label":"ref","target":{"id":"303d0e01-17d3-4850-a8fb-032a635b3344","context":{"id":"SUB_ACCOUNT","type":"SUB_ACCOUNT"},"entityType":"businessapp"}},{"label":"ref","target":{"id":"5a82b3af-9bf4-4ace-b7dd-162d44fc7c6b","context":{"id":"SUB_ACCOUNT","type":"SUB_ACCOUNT"},"entityType":"businessapp"}},{"label":"ref","target":{"id":"1ff6660f-b731-4aa3-96ad-d96ca347341c","context":{"id":"SUB_ACCOUNT","type":"SUB_ACCOUNT"},"entityType":"businessapp"}}]},"identification":{"id":"WZ_LOCAL_BIHR_PAOM_XXXXX","title":"{{cdm|identification|title}}","entityType":"role","description":"{{cdm|identification|description}}"}}},{"metadata":{"updatedOn":1753185530642,"updatedBy":"Gilles Muyshondt","createdBy":"Gilles Muyshondt","createdOn":1753185530642,"context":{"id":"SUB_ACCOUNT","contextType":"sub_account","tenantId":"aaf91952505d6f943f20ae4116bcaafb","identityZoneId":"02d92747-a1a7-4889-8bb8-c75935d90429","instanceId":"d1bbfd5e-53f8-4634-8cbf-18665ba30196"}},"cdm":{"texts":{"cdm|identification|title":{"type":"XTIT","value":{"":"MyPay role"}},"cdm|identification|description":{"type":"XTIT","value":{"":""}}},"payload":{"apps":[]},"_version":"3.0","relations":{"apps":[{"label":"ref","target":{"id":"e0f2f204-b0a9-4e80-bead-1bcff62e358e","context":{"id":"SUB_ACCOUNT","type":"SUB_ACCOUNT"},"entityType":"businessapp"}}]},"identification":{"id":"MyPay_role","title":"{{cdm|identification|title}}","entityType":"role","description":"{{cdm|identification|description}}"}}},{"metadata":{"updatedOn":1751057900316,"updatedBy":"Wouter Lemaire","createdBy":"Wouter Lemaire","createdOn":1751057900316,"context":{"id":"SUB_ACCOUNT","contextType":"sub_account","tenantId":"aaf91952505d6f943f20ae4116bcaafb","identityZoneId":"02d92747-a1a7-4889-8bb8-c75935d90429","instanceId":"d1bbfd5e-53f8-4634-8cbf-18665ba30196"}},"cdm":{"texts":{},"payload":{},"_version":"3.0","relations":{"apps":[],"base":[{"label":"extends","target":{"id":"~be.nmbs.scm.cardpkg_be.nmbs.scm.zscmcustomcard.tilerole","context":{"id":"be.nmbs.scm.cardpkg","type":"SNAPSHOT"},"entityType":"role"}}]},"identification":{"id":"~be.nmbs.scm.cardpkg_be.nmbs.scm.zscmcustomcard.tilerole","entityType":"role","providerId":"be.nmbs.scm.cardpkg"}}},{"metadata":{"updatedOn":1750862236822,"updatedBy":"sysUser","createdBy":"sysUser","createdOn":1750862236822,"context":{"id":"SUB_ACCOUNT","contextType":"sub_account","tenantId":"aaf91952505d6f943f20ae4116bcaafb","identityZoneId":"02d92747-a1a7-4889-8bb8-c75935d90429","instanceId":"d1bbfd5e-53f8-4634-8cbf-18665ba30196"}},"cdm":{"texts":{},"payload":{},"_version":"3.0","relations":{"apps":[],"base":[{"label":"extends","target":{"id":"~be.nmbs.testpckge_be.nmbs.test.integratiosn.package","context":{"id":"be.nmbs.testpckge","type":"SNAPSHOT"},"entityType":"role"}}]},"identification":{"id":"~be.nmbs.testpckge_be.nmbs.test.integratiosn.package","entityType":"role","providerId":"be.nmbs.testpckge"}}},{"metadata":{"updatedOn":1748011729775,"updatedBy":"Wouter Lemaire","createdBy":"Wouter Lemaire","createdOn":1748011729775,"context":{"id":"SUB_ACCOUNT","contextType":"sub_account","tenantId":"aaf91952505d6f943f20ae4116bcaafb","identityZoneId":"02d92747-a1a7-4889-8bb8-c75935d90429","instanceId":"d1bbfd5e-53f8-4634-8cbf-18665ba30196"}},"cdm":{"texts":{},"payload":{},"_version":"3.0","relations":{"apps":[],"base":[{"label":"extends","target":{"id":"~gbx_S4D_FIOA_VIMC_XXXXX","context":{"id":"GBX","type":"SNAPSHOT"},"entityType":"role"}}]},"identification":{"id":"~gbx_S4D_FIOA_VIMC_XXXXX","entityType":"role","providerId":"GBX"}}},{"metadata":{"updatedOn":1748007041044,"updatedBy":"Wouter Lemaire","createdBy":"Wouter Lemaire","createdOn":1748007041044,"context":{"id":"SUB_ACCOUNT","contextType":"sub_account","tenantId":"aaf91952505d6f943f20ae4116bcaafb","identityZoneId":"02d92747-a1a7-4889-8bb8-c75935d90429","instanceId":"d1bbfd5e-53f8-4634-8cbf-18665ba30196"}},"cdm":{"texts":{},"payload":{},"_version":"3.0","relations":{"apps":[],"base":[{"label":"extends","target":{"id":"~gbx_S4D_FIOA_613X_XXXXX","context":{"id":"GBX","type":"SNAPSHOT"},"entityType":"role"}}]},"identification":{"id":"~gbx_S4D_FIOA_613X_XXXXX","entityType":"role","providerId":"GBX"}}},{"metadata":{"updatedOn":1748006390158,"updatedBy":"Wouter Lemaire","createdBy":"Wouter Lemaire","createdOn":1748006390158,"context":{"id":"SUB_ACCOUNT","contextType":"sub_account","tenantId":"aaf91952505d6f943f20ae4116bcaafb","identityZoneId":"02d92747-a1a7-4889-8bb8-c75935d90429","instanceId":"d1bbfd5e-53f8-4634-8cbf-18665ba30196"}},"cdm":{"texts":{},"payload":{},"_version":"3.0","relations":{"apps":[],"base":[{"label":"extends","target":{"id":"~gbx_S4D_HRXS_FTCL_XXXXX","context":{"id":"GBX","type":"SNAPSHOT"},"entityType":"role"}}]},"identification":{"id":"~gbx_S4D_HRXS_FTCL_XXXXX","entityType":"role","providerId":"GBX"}}},{"metadata":{"updatedOn":1743176079755,"updatedBy":"sysUser","createdBy":"sysUser","createdOn":1743176079755,"context":{"id":"SUB_ACCOUNT","contextType":"sub_account","tenantId":"aaf91952505d6f943f20ae4116bcaafb","identityZoneId":"02d92747-a1a7-4889-8bb8-c75935d90429","instanceId":"d1bbfd5e-53f8-4634-8cbf-18665ba30196"}},"cdm":{"texts":{},"payload":{},"_version":"3.0","relations":{"apps":[],"base":[{"label":"extends","target":{"id":"~be.nmbs.cards.nmbs_be.nmbs.cards.NumberTile.role1","context":{"id":"be.nmbs.cards.nmbs","type":"SNAPSHOT"},"entityType":"role"}}]},"identification":{"id":"~be.nmbs.cards.nmbs_be.nmbs.cards.NumberTile.role1","entityType":"role","providerId":"be.nmbs.cards.nmbs"}}},{"metadata":{"updatedOn":1742296107916,"updatedBy":"Wouter Lemaire","createdBy":"Wouter Lemaire","createdOn":1729230990188,"context":{"id":"SUB_ACCOUNT","contextType":"sub_account","tenantId":"aaf91952505d6f943f20ae4116bcaafb","identityZoneId":"02d92747-a1a7-4889-8bb8-c75935d90429","instanceId":"d1bbfd5e-53f8-4634-8cbf-18665ba30196"}},"cdm":{"texts":{"cdm|identification|title":{"type":"XTIT","value":{"":"Helios"}},"cdm|identification|description":{"type":"XTIT","value":{"":"Helios"}}},"payload":{"apps":[]},"_version":"3.0","relations":{"apps":[{"label":"ref","target":{"id":"96956100-5815-453e-aadd-f1b88532522e","context":{"id":"SUB_ACCOUNT","type":"SUB_ACCOUNT"},"entityType":"businessapp"}},{"label":"ref","target":{"id":"cb9ba99d-5c6c-48eb-83fc-8b4cae98d856","context":{"id":"SUB_ACCOUNT","type":"SUB_ACCOUNT"},"entityType":"businessapp"}},{"label":"ref","target":{"id":"22ad4c98-ff24-4313-9357-b34a5b540603","context":{"id":"SUB_ACCOUNT","type":"SUB_ACCOUNT"},"entityType":"businessapp"}},{"label":"ref","target":{"id":"ec43ba42-16bd-49a9-b996-03fe9aa6738e","context":{"id":"SUB_ACCOUNT","type":"SUB_ACCOUNT"},"entityType":"businessapp"}},{"label":"ref","target":{"id":"f5dd9541-a826-4551-819a-1ebb5c33bbe3","context":{"id":"SUB_ACCOUNT","type":"SUB_ACCOUNT"},"entityType":"businessapp"}},{"label":"ref","target":{"id":"c08bf33c-f85e-4c29-886b-814ac0a0dd6a","context":{"id":"SUB_ACCOUNT","type":"SUB_ACCOUNT"},"entityType":"businessapp"}},{"label":"ref","target":{"id":"5b39a632-2898-4001-898c-7863bd908388","context":{"id":"SUB_ACCOUNT","type":"SUB_ACCOUNT"},"entityType":"businessapp"}},{"label":"ref","target":{"id":"19395605-6789-4542-becb-65999f1a64b2","context":{"id":"SUB_ACCOUNT","type":"SUB_ACCOUNT"},"entityType":"businessapp"}},{"label":"ref","target":{"id":"fa033597-1cc7-412a-a5ec-0da2a0618b0d","context":{"id":"SUB_ACCOUNT","type":"SUB_ACCOUNT"},"entityType":"businessapp"}},{"label":"ref","target":{"id":"cadba79f-f366-4b24-8b2d-55bade4904b0","context":{"id":"SUB_ACCOUNT","type":"SUB_ACCOUNT"},"entityType":"businessapp"}},{"label":"ref","target":{"id":"cddd7f2c-15b8-415f-9423-696dd66d74de","context":{"id":"SUB_ACCOUNT","type":"SUB_ACCOUNT"},"entityType":"businessapp"}}],"spaces":[{"label":"ref","target":{"id":"bc24749b-9e81-4b97-9f13-73db523bd188","context":{"id":"SUB_ACCOUNT","type":"SUB_ACCOUNT"},"entityType":"space"}},{"label":"ref","target":{"id":"a4cafe4a-d387-462d-ade5-afea5447b11a","context":{"id":"SUB_ACCOUNT","type":"SUB_ACCOUNT"},"entityType":"space"}}]},"identification":{"id":"WZ_LOCAL_HELIOS","title":"{{cdm|identification|title}}","entityType":"role","description":"{{cdm|identification|description}}"}}},{"metadata":{"updatedOn":1741271892578,"updatedBy":"Wouter Lemaire","createdBy":"Wouter Lemaire","createdOn":1741271892578,"context":{"id":"SUB_ACCOUNT","contextType":"sub_account","tenantId":"aaf91952505d6f943f20ae4116bcaafb","identityZoneId":"02d92747-a1a7-4889-8bb8-c75935d90429","instanceId":"d1bbfd5e-53f8-4634-8cbf-18665ba30196"}},"cdm":{"texts":{},"payload":{},"_version":"3.0","relations":{"apps":[],"base":[{"label":"extends","target":{"id":"~gbx_S4D_BIHR_COAC_XXXXX","context":{"id":"GBX","type":"SNAPSHOT"},"entityType":"role"}}]},"identification":{"id":"~gbx_S4D_BIHR_COAC_XXXXX","entityType":"role","providerId":"GBX"}}},{"metadata":{"updatedOn":1741271892578,"updatedBy":"Wouter Lemaire","createdBy":"Wouter Lemaire","createdOn":1741271892578,"context":{"id":"SUB_ACCOUNT","contextType":"sub_account","tenantId":"aaf91952505d6f943f20ae4116bcaafb","identityZoneId":"02d92747-a1a7-4889-8bb8-c75935d90429","instanceId":"d1bbfd5e-53f8-4634-8cbf-18665ba30196"}},"cdm":{"texts":{},"payload":{},"_version":"3.0","relations":{"apps":[],"base":[{"label":"extends","target":{"id":"~gbx_S4D_BIHR_PAOM_METAX","context":{"id":"GBX","type":"SNAPSHOT"},"entityType":"role"}}]},"identification":{"id":"~gbx_S4D_BIHR_PAOM_METAX","entityType":"role","providerId":"GBX"}}},{"metadata":{"updatedOn":1741271892578,"updatedBy":"Wouter Lemaire","createdBy":"Wouter Lemaire","createdOn":1741271892578,"context":{"id":"SUB_ACCOUNT","contextType":"sub_account","tenantId":"aaf91952505d6f943f20ae4116bcaafb","identityZoneId":"02d92747-a1a7-4889-8bb8-c75935d90429","instanceId":"d1bbfd5e-53f8-4634-8cbf-18665ba30196"}},"cdm":{"texts":{},"payload":{},"_version":"3.0","relations":{"apps":[],"base":[{"label":"extends","target":{"id":"~gbx_S4D_FIOA_QMTX_XXXXX","context":{"id":"GBX","type":"SNAPSHOT"},"entityType":"role"}}]},"identification":{"id":"~gbx_S4D_FIOA_QMTX_XXXXX","entityType":"role","providerId":"GBX"}}},{"metadata":{"updatedOn":1741271892578,"updatedBy":"Wouter Lemaire","createdBy":"Wouter Lemaire","createdOn":1741271892578,"context":{"id":"SUB_ACCOUNT","contextType":"sub_account","tenantId":"aaf91952505d6f943f20ae4116bcaafb","identityZoneId":"02d92747-a1a7-4889-8bb8-c75935d90429","instanceId":"d1bbfd5e-53f8-4634-8cbf-18665ba30196"}},"cdm":{"texts":{},"payload":{},"_version":"3.0","relations":{"apps":[],"base":[{"label":"extends","target":{"id":"~gbx_S4D_BIHR_YOUT_XXXXX","context":{"id":"GBX","type":"SNAPSHOT"},"entityType":"role"}}]},"identification":{"id":"~gbx_S4D_BIHR_YOUT_XXXXX","entityType":"role","providerId":"GBX"}}},{"metadata":{"updatedOn":1741271892578,"updatedBy":"Wouter Lemaire","createdBy":"Wouter Lemaire","createdOn":1741271892578,"context":{"id":"SUB_ACCOUNT","contextType":"sub_account","tenantId":"aaf91952505d6f943f20ae4116bcaafb","identityZoneId":"02d92747-a1a7-4889-8bb8-c75935d90429","instanceId":"d1bbfd5e-53f8-4634-8cbf-18665ba30196"}},"cdm":{"texts":{},"payload":{},"_version":"3.0","relations":{"apps":[],"base":[{"label":"extends","target":{"id":"~gbx_S4D_FRLP_BOPX_XXXXX","context":{"id":"GBX","type":"SNAPSHOT"},"entityType":"role"}}]},"identification":{"id":"~gbx_S4D_FRLP_BOPX_XXXXX","entityType":"role","providerId":"GBX"}}},{"metadata":{"updatedOn":1741271892578,"updatedBy":"Wouter Lemaire","createdBy":"Wouter Lemaire","createdOn":1741271892578,"context":{"id":"SUB_ACCOUNT","contextType":"sub_account","tenantId":"aaf91952505d6f943f20ae4116bcaafb","identityZoneId":"02d92747-a1a7-4889-8bb8-c75935d90429","instanceId":"d1bbfd5e-53f8-4634-8cbf-18665ba30196"}},"cdm":{"texts":{},"payload":{},"_version":"3.0","relations":{"apps":[],"base":[{"label":"extends","target":{"id":"~gbx_S4D_FIOA_FOXA_XXXXX","context":{"id":"GBX","type":"SNAPSHOT"},"entityType":"role"}}]},"identification":{"id":"~gbx_S4D_FIOA_FOXA_XXXXX","entityType":"role","providerId":"GBX"}}},{"metadata":{"updatedOn":1741271892578,"updatedBy":"Wouter Lemaire","createdBy":"Wouter Lemaire","createdOn":1741271892578,"context":{"id":"SUB_ACCOUNT","contextType":"sub_account","tenantId":"aaf91952505d6f943f20ae4116bcaafb","identityZoneId":"02d92747-a1a7-4889-8bb8-c75935d90429","instanceId":"d1bbfd5e-53f8-4634-8cbf-18665ba30196"}},"cdm":{"texts":{},"payload":{},"_version":"3.0","relations":{"apps":[],"base":[{"label":"extends","target":{"id":"~gbx_S4D_FIOB_LFXA_XXXXX","context":{"id":"GBX","type":"SNAPSHOT"},"entityType":"role"}}]},"identification":{"id":"~gbx_S4D_FIOB_LFXA_XXXXX","entityType":"role","providerId":"GBX"}}},{"metadata":{"updatedOn":1741271892578,"updatedBy":"Wouter Lemaire","createdBy":"Wouter Lemaire","createdOn":1741271892578,"context":{"id":"SUB_ACCOUNT","contextType":"sub_account","tenantId":"aaf91952505d6f943f20ae4116bcaafb","identityZoneId":"02d92747-a1a7-4889-8bb8-c75935d90429","instanceId":"d1bbfd5e-53f8-4634-8cbf-18665ba30196"}},"cdm":{"texts":{},"payload":{},"_version":"3.0","relations":{"apps":[],"base":[{"label":"extends","target":{"id":"~gbx_S4D_FARK_ARKV_XXXXX","context":{"id":"GBX","type":"SNAPSHOT"},"entityType":"role"}}]},"identification":{"id":"~gbx_S4D_FARK_ARKV_XXXXX","entityType":"role","providerId":"GBX"}}},{"metadata":{"updatedOn":1741271892578,"updatedBy":"Wouter Lemaire","createdBy":"Wouter Lemaire","createdOn":1741271892578,"context":{"id":"SUB_ACCOUNT","contextType":"sub_account","tenantId":"aaf91952505d6f943f20ae4116bcaafb","identityZoneId":"02d92747-a1a7-4889-8bb8-c75935d90429","instanceId":"d1bbfd5e-53f8-4634-8cbf-18665ba30196"}},"cdm":{"texts":{},"payload":{},"_version":"3.0","relations":{"apps":[],"base":[{"label":"extends","target":{"id":"~gbx_S4D_FIOA_655X_XXXXX","context":{"id":"GBX","type":"SNAPSHOT"},"entityType":"role"}}]},"identification":{"id":"~gbx_S4D_FIOA_655X_XXXXX","entityType":"role","providerId":"GBX"}}},{"metadata":{"updatedOn":1741271892578,"updatedBy":"Wouter Lemaire","createdBy":"Wouter Lemaire","createdOn":1741271892578,"context":{"id":"SUB_ACCOUNT","contextType":"sub_account","tenantId":"aaf91952505d6f943f20ae4116bcaafb","identityZoneId":"02d92747-a1a7-4889-8bb8-c75935d90429","instanceId":"d1bbfd5e-53f8-4634-8cbf-18665ba30196"}},"cdm":{"texts":{},"payload":{},"_version":"3.0","relations":{"apps":[],"base":[{"label":"extends","target":{"id":"~gbx_S4D_FIOA_GRBC_XXXXX","context":{"id":"GBX","type":"SNAPSHOT"},"entityType":"role"}}]},"identification":{"id":"~gbx_S4D_FIOA_GRBC_XXXXX","entityType":"role","providerId":"GBX"}}},{"metadata":{"updatedOn":1741271892578,"updatedBy":"Wouter Lemaire","createdBy":"Wouter Lemaire","createdOn":1741271892578,"context":{"id":"SUB_ACCOUNT","contextType":"sub_account","tenantId":"aaf91952505d6f943f20ae4116bcaafb","identityZoneId":"02d92747-a1a7-4889-8bb8-c75935d90429","instanceId":"d1bbfd5e-53f8-4634-8cbf-18665ba30196"}},"cdm":{"texts":{},"payload":{},"_version":"3.0","relations":{"apps":[],"base":[{"label":"extends","target":{"id":"~gbx_S4D_BIHR_FAWA_XXXXX","context":{"id":"GBX","type":"SNAPSHOT"},"entityType":"role"}}]},"identification":{"id":"~gbx_S4D_BIHR_FAWA_XXXXX","entityType":"role","providerId":"GBX"}}},{"metadata":{"updatedOn":1741271892578,"updatedBy":"Wouter Lemaire","createdBy":"Wouter Lemaire","createdOn":1741271892578,"context":{"id":"SUB_ACCOUNT","contextType":"sub_account","tenantId":"aaf91952505d6f943f20ae4116bcaafb","identityZoneId":"02d92747-a1a7-4889-8bb8-c75935d90429","instanceId":"d1bbfd5e-53f8-4634-8cbf-18665ba30196"}},"cdm":{"texts":{},"payload":{},"_version":"3.0","relations":{"apps":[],"base":[{"label":"extends","target":{"id":"~gbx_S4D_FIOA_APSL_XXXXX","context":{"id":"GBX","type":"SNAPSHOT"},"entityType":"role"}}]},"identification":{"id":"~gbx_S4D_FIOA_APSL_XXXXX","entityType":"role","providerId":"GBX"}}},{"metadata":{"updatedOn":1741271892578,"updatedBy":"Wouter Lemaire","createdBy":"Wouter Lemaire","createdOn":1741271892578,"context":{"id":"SUB_ACCOUNT","contextType":"sub_account","tenantId":"aaf91952505d6f943f20ae4116bcaafb","identityZoneId":"02d92747-a1a7-4889-8bb8-c75935d90429","instanceId":"d1bbfd5e-53f8-4634-8cbf-18665ba30196"}},"cdm":{"texts":{},"payload":{},"_version":"3.0","relations":{"apps":[],"base":[{"label":"extends","target":{"id":"~gbx_S4D_BIHR_TIME_XXXXX","context":{"id":"GBX","type":"SNAPSHOT"},"entityType":"role"}}]},"identification":{"id":"~gbx_S4D_BIHR_TIME_XXXXX","entityType":"role","providerId":"GBX"}}},{"metadata":{"updatedOn":1741271882732,"updatedBy":"Wouter Lemaire","createdBy":"Wouter Lemaire","createdOn":1741271882732,"context":{"id":"SUB_ACCOUNT","contextType":"sub_account","tenantId":"aaf91952505d6f943f20ae4116bcaafb","identityZoneId":"02d92747-a1a7-4889-8bb8-c75935d90429","instanceId":"d1bbfd5e-53f8-4634-8cbf-18665ba30196"}},"cdm":{"texts":{},"payload":{},"_version":"3.0","relations":{"apps":[],"base":[{"label":"extends","target":{"id":"~gbx_S4D_BCGN_FAWA_XXXXX","context":{"id":"GBX","type":"SNAPSHOT"},"entityType":"role"}}]},"identification":{"id":"~gbx_S4D_BCGN_FAWA_XXXXX","entityType":"role","providerId":"GBX"}}},{"metadata":{"updatedOn":1741271882732,"updatedBy":"Wouter Lemaire","createdBy":"Wouter Lemaire","createdOn":1741271882732,"context":{"id":"SUB_ACCOUNT","contextType":"sub_account","tenantId":"aaf91952505d6f943f20ae4116bcaafb","identityZoneId":"02d92747-a1a7-4889-8bb8-c75935d90429","instanceId":"d1bbfd5e-53f8-4634-8cbf-18665ba30196"}},"cdm":{"texts":{},"payload":{},"_version":"3.0","relations":{"apps":[],"base":[{"label":"extends","target":{"id":"~gbx_S4D_FIOA_LOCA_XXXXX","context":{"id":"GBX","type":"SNAPSHOT"},"entityType":"role"}}]},"identification":{"id":"~gbx_S4D_FIOA_LOCA_XXXXX","entityType":"role","providerId":"GBX"}}},{"metadata":{"updatedOn":1741271882732,"updatedBy":"Wouter Lemaire","createdBy":"Wouter Lemaire","createdOn":1741271882732,"context":{"id":"SUB_ACCOUNT","contextType":"sub_account","tenantId":"aaf91952505d6f943f20ae4116bcaafb","identityZoneId":"02d92747-a1a7-4889-8bb8-c75935d90429","instanceId":"d1bbfd5e-53f8-4634-8cbf-18665ba30196"}},"cdm":{"texts":{},"payload":{},"_version":"3.0","relations":{"apps":[],"base":[{"label":"extends","target":{"id":"~gbx_S4D_HRXS_LRQA_XXXXX","context":{"id":"GBX","type":"SNAPSHOT"},"entityType":"role"}}]},"identification":{"id":"~gbx_S4D_HRXS_LRQA_XXXXX","entityType":"role","providerId":"GBX"}}},{"metadata":{"updatedOn":1741271882732,"updatedBy":"Wouter Lemaire","createdBy":"Wouter Lemaire","createdOn":1741271882732,"context":{"id":"SUB_ACCOUNT","contextType":"sub_account","tenantId":"aaf91952505d6f943f20ae4116bcaafb","identityZoneId":"02d92747-a1a7-4889-8bb8-c75935d90429","instanceId":"d1bbfd5e-53f8-4634-8cbf-18665ba30196"}},"cdm":{"texts":{},"payload":{},"_version":"3.0","relations":{"apps":[],"base":[{"label":"extends","target":{"id":"~gbx_S4D_FIOA_651X_XXXXX","context":{"id":"GBX","type":"SNAPSHOT"},"entityType":"role"}}]},"identification":{"id":"~gbx_S4D_FIOA_651X_XXXXX","entityType":"role","providerId":"GBX"}}},{"metadata":{"updatedOn":1741271882732,"updatedBy":"Wouter Lemaire","createdBy":"Wouter Lemaire","createdOn":1741271882732,"context":{"id":"SUB_ACCOUNT","contextType":"sub_account","tenantId":"aaf91952505d6f943f20ae4116bcaafb","identityZoneId":"02d92747-a1a7-4889-8bb8-c75935d90429","instanceId":"d1bbfd5e-53f8-4634-8cbf-18665ba30196"}},"cdm":{"texts":{},"payload":{},"_version":"3.0","relations":{"apps":[],"base":[{"label":"extends","target":{"id":"~gbx_S4D_FIOA_652X_TEMPX","context":{"id":"GBX","type":"SNAPSHOT"},"entityType":"role"}}]},"identification":{"id":"~gbx_S4D_FIOA_652X_TEMPX","entityType":"role","providerId":"GBX"}}},{"metadata":{"updatedOn":1741271882732,"updatedBy":"Wouter Lemaire","createdBy":"Wouter Lemaire","createdOn":1741271882732,"context":{"id":"SUB_ACCOUNT","contextType":"sub_account","tenantId":"aaf91952505d6f943f20ae4116bcaafb","identityZoneId":"02d92747-a1a7-4889-8bb8-c75935d90429","instanceId":"d1bbfd5e-53f8-4634-8cbf-18665ba30196"}},"cdm":{"texts":{},"payload":{},"_version":"3.0","relations":{"apps":[],"base":[{"label":"extends","target":{"id":"~gbx_S4D_FIOA_621X_XXXXX","context":{"id":"GBX","type":"SNAPSHOT"},"entityType":"role"}}]},"identification":{"id":"~gbx_S4D_FIOA_621X_XXXXX","entityType":"role","providerId":"GBX"}}},{"metadata":{"updatedOn":1741271882732,"updatedBy":"Wouter Lemaire","createdBy":"Wouter Lemaire","createdOn":1741271882732,"context":{"id":"SUB_ACCOUNT","contextType":"sub_account","tenantId":"aaf91952505d6f943f20ae4116bcaafb","identityZoneId":"02d92747-a1a7-4889-8bb8-c75935d90429","instanceId":"d1bbfd5e-53f8-4634-8cbf-18665ba30196"}},"cdm":{"texts":{},"payload":{},"_version":"3.0","relations":{"apps":[],"base":[{"label":"extends","target":{"id":"~gbx_S4D_FIOA_BIRP_XXXXX","context":{"id":"GBX","type":"SNAPSHOT"},"entityType":"role"}}]},"identification":{"id":"~gbx_S4D_FIOA_BIRP_XXXXX","entityType":"role","providerId":"GBX"}}},{"metadata":{"updatedOn":1741271882732,"updatedBy":"Wouter Lemaire","createdBy":"Wouter Lemaire","createdOn":1741271882732,"context":{"id":"SUB_ACCOUNT","contextType":"sub_account","tenantId":"aaf91952505d6f943f20ae4116bcaafb","identityZoneId":"02d92747-a1a7-4889-8bb8-c75935d90429","instanceId":"d1bbfd5e-53f8-4634-8cbf-18665ba30196"}},"cdm":{"texts":{},"payload":{},"_version":"3.0","relations":{"apps":[],"base":[{"label":"extends","target":{"id":"~gbx_S4D_FIOA_PART_XXXXX","context":{"id":"GBX","type":"SNAPSHOT"},"entityType":"role"}}]},"identification":{"id":"~gbx_S4D_FIOA_PART_XXXXX","entityType":"role","providerId":"GBX"}}},{"metadata":{"updatedOn":1741271882732,"updatedBy":"Wouter Lemaire","createdBy":"Wouter Lemaire","createdOn":1741271882732,"context":{"id":"SUB_ACCOUNT","contextType":"sub_account","tenantId":"aaf91952505d6f943f20ae4116bcaafb","identityZoneId":"02d92747-a1a7-4889-8bb8-c75935d90429","instanceId":"d1bbfd5e-53f8-4634-8cbf-18665ba30196"}},"cdm":{"texts":{},"payload":{},"_version":"3.0","relations":{"apps":[],"base":[{"label":"extends","target":{"id":"~gbx_S4D_FIOA_675X_XXXXX","context":{"id":"GBX","type":"SNAPSHOT"},"entityType":"role"}}]},"identification":{"id":"~gbx_S4D_FIOA_675X_XXXXX","entityType":"role","providerId":"GBX"}}},{"metadata":{"updatedOn":1741271882732,"updatedBy":"Wouter Lemaire","createdBy":"Wouter Lemaire","createdOn":1741271882732,"context":{"id":"SUB_ACCOUNT","contextType":"sub_account","tenantId":"aaf91952505d6f943f20ae4116bcaafb","identityZoneId":"02d92747-a1a7-4889-8bb8-c75935d90429","instanceId":"d1bbfd5e-53f8-4634-8cbf-18665ba30196"}},"cdm":{"texts":{},"payload":{},"_version":"3.0","relations":{"apps":[],"base":[{"label":"extends","target":{"id":"~gbx_S4D_BIHR_PAOM_XXXXX","context":{"id":"GBX","type":"SNAPSHOT"},"entityType":"role"}}]},"identification":{"id":"~gbx_S4D_BIHR_PAOM_XXXXX","entityType":"role","providerId":"GBX"}}},{"metadata":{"updatedOn":1741271882732,"updatedBy":"Wouter Lemaire","createdBy":"Wouter Lemaire","createdOn":1741271882732,"context":{"id":"SUB_ACCOUNT","contextType":"sub_account","tenantId":"aaf91952505d6f943f20ae4116bcaafb","identityZoneId":"02d92747-a1a7-4889-8bb8-c75935d90429","instanceId":"d1bbfd5e-53f8-4634-8cbf-18665ba30196"}},"cdm":{"texts":{},"payload":{},"_version":"3.0","relations":{"apps":[],"base":[{"label":"extends","target":{"id":"~gbx_S4D_FIOA_TIME_XXXXX","context":{"id":"GBX","type":"SNAPSHOT"},"entityType":"role"}}]},"identification":{"id":"~gbx_S4D_FIOA_TIME_XXXXX","entityType":"role","providerId":"GBX"}}},{"metadata":{"updatedOn":1741271882732,"updatedBy":"Wouter Lemaire","createdBy":"Wouter Lemaire","createdOn":1741271882732,"context":{"id":"SUB_ACCOUNT","contextType":"sub_account","tenantId":"aaf91952505d6f943f20ae4116bcaafb","identityZoneId":"02d92747-a1a7-4889-8bb8-c75935d90429","instanceId":"d1bbfd5e-53f8-4634-8cbf-18665ba30196"}},"cdm":{"texts":{},"payload":{},"_version":"3.0","relations":{"apps":[],"base":[{"label":"extends","target":{"id":"~gbx_S4D_BIHR_PAYR_XXXXX","context":{"id":"GBX","type":"SNAPSHOT"},"entityType":"role"}}]},"identification":{"id":"~gbx_S4D_BIHR_PAYR_XXXXX","entityType":"role","providerId":"GBX"}}},{"metadata":{"updatedOn":1741271882732,"updatedBy":"Wouter Lemaire","createdBy":"Wouter Lemaire","createdOn":1741271882732,"context":{"id":"SUB_ACCOUNT","contextType":"sub_account","tenantId":"aaf91952505d6f943f20ae4116bcaafb","identityZoneId":"02d92747-a1a7-4889-8bb8-c75935d90429","instanceId":"d1bbfd5e-53f8-4634-8cbf-18665ba30196"}},"cdm":{"texts":{},"payload":{},"_version":"3.0","relations":{"apps":[],"base":[{"label":"extends","target":{"id":"~gbx_S4D_BCGN_FAWA_MANXX","context":{"id":"GBX","type":"SNAPSHOT"},"entityType":"role"}}]},"identification":{"id":"~gbx_S4D_BCGN_FAWA_MANXX","entityType":"role","providerId":"GBX"}}},{"metadata":{"updatedOn":1741271882732,"updatedBy":"Wouter Lemaire","createdBy":"Wouter Lemaire","createdOn":1741271882732,"context":{"id":"SUB_ACCOUNT","contextType":"sub_account","tenantId":"aaf91952505d6f943f20ae4116bcaafb","identityZoneId":"02d92747-a1a7-4889-8bb8-c75935d90429","instanceId":"d1bbfd5e-53f8-4634-8cbf-18665ba30196"}},"cdm":{"texts":{},"payload":{},"_version":"3.0","relations":{"apps":[],"base":[{"label":"extends","target":{"id":"~gbx_S4D_HRXS_CHTA_XXXXX","context":{"id":"GBX","type":"SNAPSHOT"},"entityType":"role"}}]},"identification":{"id":"~gbx_S4D_HRXS_CHTA_XXXXX","entityType":"role","providerId":"GBX"}}},{"metadata":{"updatedOn":1741271882732,"updatedBy":"Wouter Lemaire","createdBy":"Wouter Lemaire","createdOn":1741271882732,"context":{"id":"SUB_ACCOUNT","contextType":"sub_account","tenantId":"aaf91952505d6f943f20ae4116bcaafb","identityZoneId":"02d92747-a1a7-4889-8bb8-c75935d90429","instanceId":"d1bbfd5e-53f8-4634-8cbf-18665ba30196"}},"cdm":{"texts":{},"payload":{},"_version":"3.0","relations":{"apps":[],"base":[{"label":"extends","target":{"id":"~gbx_S4D_FIOA_NOTX_XXXXX","context":{"id":"GBX","type":"SNAPSHOT"},"entityType":"role"}}]},"identification":{"id":"~gbx_S4D_FIOA_NOTX_XXXXX","entityType":"role","providerId":"GBX"}}},{"metadata":{"updatedOn":1741271882732,"updatedBy":"Wouter Lemaire","createdBy":"Wouter Lemaire","createdOn":1741271882732,"context":{"id":"SUB_ACCOUNT","contextType":"sub_account","tenantId":"aaf91952505d6f943f20ae4116bcaafb","identityZoneId":"02d92747-a1a7-4889-8bb8-c75935d90429","instanceId":"d1bbfd5e-53f8-4634-8cbf-18665ba30196"}},"cdm":{"texts":{},"payload":{},"_version":"3.0","relations":{"apps":[],"base":[{"label":"extends","target":{"id":"~gbx_S4D_BCGN_FADM_XXXXX","context":{"id":"GBX","type":"SNAPSHOT"},"entityType":"role"}}]},"identification":{"id":"~gbx_S4D_BCGN_FADM_XXXXX","entityType":"role","providerId":"GBX"}}},{"metadata":{"updatedOn":1741271882732,"updatedBy":"Wouter Lemaire","createdBy":"Wouter Lemaire","createdOn":1741271882732,"context":{"id":"SUB_ACCOUNT","contextType":"sub_account","tenantId":"aaf91952505d6f943f20ae4116bcaafb","identityZoneId":"02d92747-a1a7-4889-8bb8-c75935d90429","instanceId":"d1bbfd5e-53f8-4634-8cbf-18665ba30196"}},"cdm":{"texts":{},"payload":{},"_version":"3.0","relations":{"apps":[],"base":[{"label":"extends","target":{"id":"~gbx_S4D_FIOA_UICM_XXXXX","context":{"id":"GBX","type":"SNAPSHOT"},"entityType":"role"}}]},"identification":{"id":"~gbx_S4D_FIOA_UICM_XXXXX","entityType":"role","providerId":"GBX"}}},{"metadata":{"updatedOn":1741271882732,"updatedBy":"Wouter Lemaire","createdBy":"Wouter Lemaire","createdOn":1741271882732,"context":{"id":"SUB_ACCOUNT","contextType":"sub_account","tenantId":"aaf91952505d6f943f20ae4116bcaafb","identityZoneId":"02d92747-a1a7-4889-8bb8-c75935d90429","instanceId":"d1bbfd5e-53f8-4634-8cbf-18665ba30196"}},"cdm":{"texts":{},"payload":{},"_version":"3.0","relations":{"apps":[],"base":[{"label":"extends","target":{"id":"~gbx_S4D_FIOA_CSSF_XXXXX","context":{"id":"GBX","type":"SNAPSHOT"},"entityType":"role"}}]},"identification":{"id":"~gbx_S4D_FIOA_CSSF_XXXXX","entityType":"role","providerId":"GBX"}}},{"metadata":{"updatedOn":1741271882732,"updatedBy":"Wouter Lemaire","createdBy":"Wouter Lemaire","createdOn":1741271882732,"context":{"id":"SUB_ACCOUNT","contextType":"sub_account","tenantId":"aaf91952505d6f943f20ae4116bcaafb","identityZoneId":"02d92747-a1a7-4889-8bb8-c75935d90429","instanceId":"d1bbfd5e-53f8-4634-8cbf-18665ba30196"}},"cdm":{"texts":{},"payload":{},"_version":"3.0","relations":{"apps":[],"base":[{"label":"extends","target":{"id":"~gbx_S4D_FIOA_757X_XXXXX","context":{"id":"GBX","type":"SNAPSHOT"},"entityType":"role"}}]},"identification":{"id":"~gbx_S4D_FIOA_757X_XXXXX","entityType":"role","providerId":"GBX"}}},{"metadata":{"updatedOn":1741271882732,"updatedBy":"Wouter Lemaire","createdBy":"Wouter Lemaire","createdOn":1741271882732,"context":{"id":"SUB_ACCOUNT","contextType":"sub_account","tenantId":"aaf91952505d6f943f20ae4116bcaafb","identityZoneId":"02d92747-a1a7-4889-8bb8-c75935d90429","instanceId":"d1bbfd5e-53f8-4634-8cbf-18665ba30196"}},"cdm":{"texts":{},"payload":{},"_version":"3.0","relations":{"apps":[],"base":[{"label":"extends","target":{"id":"~gbx_S4D_FIOA_71X0_XXXXX","context":{"id":"GBX","type":"SNAPSHOT"},"entityType":"role"}}]},"identification":{"id":"~gbx_S4D_FIOA_71X0_XXXXX","entityType":"role","providerId":"GBX"}}},{"metadata":{"updatedOn":1741271882732,"updatedBy":"Wouter Lemaire","createdBy":"Wouter Lemaire","createdOn":1741271882732,"context":{"id":"SUB_ACCOUNT","contextType":"sub_account","tenantId":"aaf91952505d6f943f20ae4116bcaafb","identityZoneId":"02d92747-a1a7-4889-8bb8-c75935d90429","instanceId":"d1bbfd5e-53f8-4634-8cbf-18665ba30196"}},"cdm":{"texts":{},"payload":{},"_version":"3.0","relations":{"apps":[],"base":[{"label":"extends","target":{"id":"~gbx_S4D_BCGN_BASA_XXXXX","context":{"id":"GBX","type":"SNAPSHOT"},"entityType":"role"}}]},"identification":{"id":"~gbx_S4D_BCGN_BASA_XXXXX","entityType":"role","providerId":"GBX"}}},{"metadata":{"updatedOn":1741271882732,"updatedBy":"Wouter Lemaire","createdBy":"Wouter Lemaire","createdOn":1741271882732,"context":{"id":"SUB_ACCOUNT","contextType":"sub_account","tenantId":"aaf91952505d6f943f20ae4116bcaafb","identityZoneId":"02d92747-a1a7-4889-8bb8-c75935d90429","instanceId":"d1bbfd5e-53f8-4634-8cbf-18665ba30196"}},"cdm":{"texts":{},"payload":{},"_version":"3.0","relations":{"apps":[],"base":[{"label":"extends","target":{"id":"~gbx_S4D_FIOA_SENW_XXXXX","context":{"id":"GBX","type":"SNAPSHOT"},"entityType":"role"}}]},"identification":{"id":"~gbx_S4D_FIOA_SENW_XXXXX","entityType":"role","providerId":"GBX"}}},{"metadata":{"updatedOn":1741271882732,"updatedBy":"Wouter Lemaire","createdBy":"Wouter Lemaire","createdOn":1741271882732,"context":{"id":"SUB_ACCOUNT","contextType":"sub_account","tenantId":"aaf91952505d6f943f20ae4116bcaafb","identityZoneId":"02d92747-a1a7-4889-8bb8-c75935d90429","instanceId":"d1bbfd5e-53f8-4634-8cbf-18665ba30196"}},"cdm":{"texts":{},"payload":{},"_version":"3.0","relations":{"apps":[],"base":[{"label":"extends","target":{"id":"~gbx_S4D_FIOA_SNOW_HRXXX","context":{"id":"GBX","type":"SNAPSHOT"},"entityType":"role"}}]},"identification":{"id":"~gbx_S4D_FIOA_SNOW_HRXXX","entityType":"role","providerId":"GBX"}}},{"metadata":{"updatedOn":1741271882732,"updatedBy":"Wouter Lemaire","createdBy":"Wouter Lemaire","createdOn":1741271882732,"context":{"id":"SUB_ACCOUNT","contextType":"sub_account","tenantId":"aaf91952505d6f943f20ae4116bcaafb","identityZoneId":"02d92747-a1a7-4889-8bb8-c75935d90429","instanceId":"d1bbfd5e-53f8-4634-8cbf-18665ba30196"}},"cdm":{"texts":{},"payload":{},"_version":"3.0","relations":{"apps":[],"base":[{"label":"extends","target":{"id":"~gbx_S4D_FIOA_OCBX_XXXXX","context":{"id":"GBX","type":"SNAPSHOT"},"entityType":"role"}}]},"identification":{"id":"~gbx_S4D_FIOA_OCBX_XXXXX","entityType":"role","providerId":"GBX"}}},{"metadata":{"updatedOn":1741271882732,"updatedBy":"Wouter Lemaire","createdBy":"Wouter Lemaire","createdOn":1741271882732,"context":{"id":"SUB_ACCOUNT","contextType":"sub_account","tenantId":"aaf91952505d6f943f20ae4116bcaafb","identityZoneId":"02d92747-a1a7-4889-8bb8-c75935d90429","instanceId":"d1bbfd5e-53f8-4634-8cbf-18665ba30196"}},"cdm":{"texts":{},"payload":{},"_version":"3.0","relations":{"apps":[],"base":[{"label":"extends","target":{"id":"~gbx_S4D_FIOA_LFXA_XXXXX","context":{"id":"GBX","type":"SNAPSHOT"},"entityType":"role"}}]},"identification":{"id":"~gbx_S4D_FIOA_LFXA_XXXXX","entityType":"role","providerId":"GBX"}}},{"metadata":{"updatedOn":1741271882732,"updatedBy":"Wouter Lemaire","createdBy":"Wouter Lemaire","createdOn":1741271882732,"context":{"id":"SUB_ACCOUNT","contextType":"sub_account","tenantId":"aaf91952505d6f943f20ae4116bcaafb","identityZoneId":"02d92747-a1a7-4889-8bb8-c75935d90429","instanceId":"d1bbfd5e-53f8-4634-8cbf-18665ba30196"}},"cdm":{"texts":{},"payload":{},"_version":"3.0","relations":{"apps":[],"base":[{"label":"extends","target":{"id":"~gbx_S4D_FIOA_03XX_CSSXX","context":{"id":"GBX","type":"SNAPSHOT"},"entityType":"role"}}]},"identification":{"id":"~gbx_S4D_FIOA_03XX_CSSXX","entityType":"role","providerId":"GBX"}}},{"metadata":{"updatedOn":1741271882732,"updatedBy":"Wouter Lemaire","createdBy":"Wouter Lemaire","createdOn":1741271882732,"context":{"id":"SUB_ACCOUNT","contextType":"sub_account","tenantId":"aaf91952505d6f943f20ae4116bcaafb","identityZoneId":"02d92747-a1a7-4889-8bb8-c75935d90429","instanceId":"d1bbfd5e-53f8-4634-8cbf-18665ba30196"}},"cdm":{"texts":{},"payload":{},"_version":"3.0","relations":{"apps":[],"base":[{"label":"extends","target":{"id":"~gbx_S4D_FIOA_793X_XXXXX","context":{"id":"GBX","type":"SNAPSHOT"},"entityType":"role"}}]},"identification":{"id":"~gbx_S4D_FIOA_793X_XXXXX","entityType":"role","providerId":"GBX"}}},{"metadata":{"updatedOn":1741271882732,"updatedBy":"Wouter Lemaire","createdBy":"Wouter Lemaire","createdOn":1741271882732,"context":{"id":"SUB_ACCOUNT","contextType":"sub_account","tenantId":"aaf91952505d6f943f20ae4116bcaafb","identityZoneId":"02d92747-a1a7-4889-8bb8-c75935d90429","instanceId":"d1bbfd5e-53f8-4634-8cbf-18665ba30196"}},"cdm":{"texts":{},"payload":{},"_version":"3.0","relations":{"apps":[],"base":[{"label":"extends","target":{"id":"~gbx_S4D_BIHR_STRI_XXXXX","context":{"id":"GBX","type":"SNAPSHOT"},"entityType":"role"}}]},"identification":{"id":"~gbx_S4D_BIHR_STRI_XXXXX","entityType":"role","providerId":"GBX"}}},{"metadata":{"updatedOn":1741271882732,"updatedBy":"Wouter Lemaire","createdBy":"Wouter Lemaire","createdOn":1741271882732,"context":{"id":"SUB_ACCOUNT","contextType":"sub_account","tenantId":"aaf91952505d6f943f20ae4116bcaafb","identityZoneId":"02d92747-a1a7-4889-8bb8-c75935d90429","instanceId":"d1bbfd5e-53f8-4634-8cbf-18665ba30196"}},"cdm":{"texts":{},"payload":{},"_version":"3.0","relations":{"apps":[],"base":[{"label":"extends","target":{"id":"~gbx_S4D_FIOA_GRBE_XXXXX","context":{"id":"GBX","type":"SNAPSHOT"},"entityType":"role"}}]},"identification":{"id":"~gbx_S4D_FIOA_GRBE_XXXXX","entityType":"role","providerId":"GBX"}}},{"metadata":{"updatedOn":1741271882732,"updatedBy":"Wouter Lemaire","createdBy":"Wouter Lemaire","createdOn":1741271882732,"context":{"id":"SUB_ACCOUNT","contextType":"sub_account","tenantId":"aaf91952505d6f943f20ae4116bcaafb","identityZoneId":"02d92747-a1a7-4889-8bb8-c75935d90429","instanceId":"d1bbfd5e-53f8-4634-8cbf-18665ba30196"}},"cdm":{"texts":{},"payload":{},"_version":"3.0","relations":{"apps":[],"base":[{"label":"extends","target":{"id":"~gbx_S4D_BIHR_GDVL_XXXXX","context":{"id":"GBX","type":"SNAPSHOT"},"entityType":"role"}}]},"identification":{"id":"~gbx_S4D_BIHR_GDVL_XXXXX","entityType":"role","providerId":"GBX"}}},{"metadata":{"updatedOn":1741271882732,"updatedBy":"Wouter Lemaire","createdBy":"Wouter Lemaire","createdOn":1741271882732,"context":{"id":"SUB_ACCOUNT","contextType":"sub_account","tenantId":"aaf91952505d6f943f20ae4116bcaafb","identityZoneId":"02d92747-a1a7-4889-8bb8-c75935d90429","instanceId":"d1bbfd5e-53f8-4634-8cbf-18665ba30196"}},"cdm":{"texts":{},"payload":{},"_version":"3.0","relations":{"apps":[],"base":[{"label":"extends","target":{"id":"~gbx_S4D_FIOA_458X_XXXXX","context":{"id":"GBX","type":"SNAPSHOT"},"entityType":"role"}}]},"identification":{"id":"~gbx_S4D_FIOA_458X_XXXXX","entityType":"role","providerId":"GBX"}}},{"metadata":{"updatedOn":1741271882732,"updatedBy":"Wouter Lemaire","createdBy":"Wouter Lemaire","createdOn":1741271882732,"context":{"id":"SUB_ACCOUNT","contextType":"sub_account","tenantId":"aaf91952505d6f943f20ae4116bcaafb","identityZoneId":"02d92747-a1a7-4889-8bb8-c75935d90429","instanceId":"d1bbfd5e-53f8-4634-8cbf-18665ba30196"}},"cdm":{"texts":{},"payload":{},"_version":"3.0","relations":{"apps":[],"base":[{"label":"extends","target":{"id":"~gbx_S4D_FIOA_605X_XXXXX","context":{"id":"GBX","type":"SNAPSHOT"},"entityType":"role"}}]},"identification":{"id":"~gbx_S4D_FIOA_605X_XXXXX","entityType":"role","providerId":"GBX"}}},{"metadata":{"updatedOn":1741271882732,"updatedBy":"Wouter Lemaire","createdBy":"Wouter Lemaire","createdOn":1741271882732,"context":{"id":"SUB_ACCOUNT","contextType":"sub_account","tenantId":"aaf91952505d6f943f20ae4116bcaafb","identityZoneId":"02d92747-a1a7-4889-8bb8-c75935d90429","instanceId":"d1bbfd5e-53f8-4634-8cbf-18665ba30196"}},"cdm":{"texts":{},"payload":{},"_version":"3.0","relations":{"apps":[],"base":[{"label":"extends","target":{"id":"~gbx_S4D_FIOA_INOU_XXXXX","context":{"id":"GBX","type":"SNAPSHOT"},"entityType":"role"}}]},"identification":{"id":"~gbx_S4D_FIOA_INOU_XXXXX","entityType":"role","providerId":"GBX"}}},{"metadata":{"updatedOn":1741271882732,"updatedBy":"Wouter Lemaire","createdBy":"Wouter Lemaire","createdOn":1741271882732,"context":{"id":"SUB_ACCOUNT","contextType":"sub_account","tenantId":"aaf91952505d6f943f20ae4116bcaafb","identityZoneId":"02d92747-a1a7-4889-8bb8-c75935d90429","instanceId":"d1bbfd5e-53f8-4634-8cbf-18665ba30196"}},"cdm":{"texts":{},"payload":{},"_version":"3.0","relations":{"apps":[],"base":[{"label":"extends","target":{"id":"~gbx_S4D_FIOA_652X_XXXXX","context":{"id":"GBX","type":"SNAPSHOT"},"entityType":"role"}}]},"identification":{"id":"~gbx_S4D_FIOA_652X_XXXXX","entityType":"role","providerId":"GBX"}}},{"metadata":{"updatedOn":1741271882732,"updatedBy":"Wouter Lemaire","createdBy":"Wouter Lemaire","createdOn":1741271882732,"context":{"id":"SUB_ACCOUNT","contextType":"sub_account","tenantId":"aaf91952505d6f943f20ae4116bcaafb","identityZoneId":"02d92747-a1a7-4889-8bb8-c75935d90429","instanceId":"d1bbfd5e-53f8-4634-8cbf-18665ba30196"}},"cdm":{"texts":{},"payload":{},"_version":"3.0","relations":{"apps":[],"base":[{"label":"extends","target":{"id":"~gbx_S4D_BIHR_QUAL_XXXXX","context":{"id":"GBX","type":"SNAPSHOT"},"entityType":"role"}}]},"identification":{"id":"~gbx_S4D_BIHR_QUAL_XXXXX","entityType":"role","providerId":"GBX"}}},{"metadata":{"updatedOn":1741271882732,"updatedBy":"Wouter Lemaire","createdBy":"Wouter Lemaire","createdOn":1741271882732,"context":{"id":"SUB_ACCOUNT","contextType":"sub_account","tenantId":"aaf91952505d6f943f20ae4116bcaafb","identityZoneId":"02d92747-a1a7-4889-8bb8-c75935d90429","instanceId":"d1bbfd5e-53f8-4634-8cbf-18665ba30196"}},"cdm":{"texts":{},"payload":{},"_version":"3.0","relations":{"apps":[],"base":[{"label":"extends","target":{"id":"~gbx_S4D_FIOA_TECA_XXXXX","context":{"id":"GBX","type":"SNAPSHOT"},"entityType":"role"}}]},"identification":{"id":"~gbx_S4D_FIOA_TECA_XXXXX","entityType":"role","providerId":"GBX"}}},{"metadata":{"updatedOn":1741271882732,"updatedBy":"Wouter Lemaire","createdBy":"Wouter Lemaire","createdOn":1741271882732,"context":{"id":"SUB_ACCOUNT","contextType":"sub_account","tenantId":"aaf91952505d6f943f20ae4116bcaafb","identityZoneId":"02d92747-a1a7-4889-8bb8-c75935d90429","instanceId":"d1bbfd5e-53f8-4634-8cbf-18665ba30196"}},"cdm":{"texts":{},"payload":{},"_version":"3.0","relations":{"apps":[],"base":[{"label":"extends","target":{"id":"~gbx_S4D_BCGN_TCLA_XXXXX","context":{"id":"GBX","type":"SNAPSHOT"},"entityType":"role"}}]},"identification":{"id":"~gbx_S4D_BCGN_TCLA_XXXXX","entityType":"role","providerId":"GBX"}}},{"metadata":{"updatedOn":1741271882732,"updatedBy":"Wouter Lemaire","createdBy":"Wouter Lemaire","createdOn":1741271882732,"context":{"id":"SUB_ACCOUNT","contextType":"sub_account","tenantId":"aaf91952505d6f943f20ae4116bcaafb","identityZoneId":"02d92747-a1a7-4889-8bb8-c75935d90429","instanceId":"d1bbfd5e-53f8-4634-8cbf-18665ba30196"}},"cdm":{"texts":{},"payload":{},"_version":"3.0","relations":{"apps":[],"base":[{"label":"extends","target":{"id":"~gbx_S4D_FIOA_623X_XXXXX","context":{"id":"GBX","type":"SNAPSHOT"},"entityType":"role"}}]},"identification":{"id":"~gbx_S4D_FIOA_623X_XXXXX","entityType":"role","providerId":"GBX"}}},{"metadata":{"updatedOn":1740142691487,"updatedBy":"Wouter Lemaire","createdBy":"Wouter Lemaire","createdOn":1740142691487,"context":{"id":"SUB_ACCOUNT","contextType":"sub_account","tenantId":"aaf91952505d6f943f20ae4116bcaafb","identityZoneId":"02d92747-a1a7-4889-8bb8-c75935d90429","instanceId":"d1bbfd5e-53f8-4634-8cbf-18665ba30196"}},"cdm":{"texts":{},"payload":{},"_version":"3.0","relations":{"apps":[],"base":[{"label":"extends","target":{"id":"~gbx_S4D_FIOA_LOXA_XXXXX","context":{"id":"GBX","type":"SNAPSHOT"},"entityType":"role"}}]},"identification":{"id":"~gbx_S4D_FIOA_LOXA_XXXXX","entityType":"role","providerId":"GBX"}}},{"metadata":{"updatedOn":1740142691487,"updatedBy":"Wouter Lemaire","createdBy":"Wouter Lemaire","createdOn":1740142691487,"context":{"id":"SUB_ACCOUNT","contextType":"sub_account","tenantId":"aaf91952505d6f943f20ae4116bcaafb","identityZoneId":"02d92747-a1a7-4889-8bb8-c75935d90429","instanceId":"d1bbfd5e-53f8-4634-8cbf-18665ba30196"}},"cdm":{"texts":{},"payload":{},"_version":"3.0","relations":{"apps":[],"base":[{"label":"extends","target":{"id":"~gbx_S4D_FIOA_GDVL_XXXXX","context":{"id":"GBX","type":"SNAPSHOT"},"entityType":"role"}}]},"identification":{"id":"~gbx_S4D_FIOA_GDVL_XXXXX","entityType":"role","providerId":"GBX"}}},{"metadata":{"updatedOn":1740142691487,"updatedBy":"Wouter Lemaire","createdBy":"Wouter Lemaire","createdOn":1740142691487,"context":{"id":"SUB_ACCOUNT","contextType":"sub_account","tenantId":"aaf91952505d6f943f20ae4116bcaafb","identityZoneId":"02d92747-a1a7-4889-8bb8-c75935d90429","instanceId":"d1bbfd5e-53f8-4634-8cbf-18665ba30196"}},"cdm":{"texts":{},"payload":{},"_version":"3.0","relations":{"apps":[],"base":[{"label":"extends","target":{"id":"~gbx_S4D_FIOA_684X_XXXXX","context":{"id":"GBX","type":"SNAPSHOT"},"entityType":"role"}}]},"identification":{"id":"~gbx_S4D_FIOA_684X_XXXXX","entityType":"role","providerId":"GBX"}}},{"metadata":{"updatedOn":1734078022747,"updatedBy":"Wouter Lemaire","createdBy":"Wouter Lemaire","createdOn":1734078022747,"context":{"id":"SUB_ACCOUNT","contextType":"sub_account","tenantId":"aaf91952505d6f943f20ae4116bcaafb","identityZoneId":"02d92747-a1a7-4889-8bb8-c75935d90429","instanceId":"d1bbfd5e-53f8-4634-8cbf-18665ba30196"}},"cdm":{"texts":{},"payload":{},"_version":"3.0","relations":{"apps":[],"base":[{"label":"extends","target":{"id":"~gbx_S4D_FIOA_618X_XXXXX","context":{"id":"GBX","type":"SNAPSHOT"},"entityType":"role"}}]},"identification":{"id":"~gbx_S4D_FIOA_618X_XXXXX","entityType":"role","providerId":"GBX"}}},{"metadata":{"updatedOn":1732810774905,"updatedBy":"Wouter Lemaire","createdBy":"Wouter Lemaire","createdOn":1732810774905,"context":{"id":"SUB_ACCOUNT","contextType":"sub_account","tenantId":"aaf91952505d6f943f20ae4116bcaafb","identityZoneId":"02d92747-a1a7-4889-8bb8-c75935d90429","instanceId":"d1bbfd5e-53f8-4634-8cbf-18665ba30196"}},"cdm":{"texts":{},"payload":{},"_version":"3.0","relations":{"apps":[],"base":[{"label":"extends","target":{"id":"~gbx_S4D_BCGN_MDGA_REQXX","context":{"id":"GBX","type":"SNAPSHOT"},"entityType":"role"}}]},"identification":{"id":"~gbx_S4D_BCGN_MDGA_REQXX","entityType":"role","providerId":"GBX"}}},{"metadata":{"updatedOn":1732810774905,"updatedBy":"Wouter Lemaire","createdBy":"Wouter Lemaire","createdOn":1732810774905,"context":{"id":"SUB_ACCOUNT","contextType":"sub_account","tenantId":"aaf91952505d6f943f20ae4116bcaafb","identityZoneId":"02d92747-a1a7-4889-8bb8-c75935d90429","instanceId":"d1bbfd5e-53f8-4634-8cbf-18665ba30196"}},"cdm":{"texts":{},"payload":{},"_version":"3.0","relations":{"apps":[],"base":[{"label":"extends","target":{"id":"~gbx_S4D_BCGN_MDGA_XXXXX","context":{"id":"GBX","type":"SNAPSHOT"},"entityType":"role"}}]},"identification":{"id":"~gbx_S4D_BCGN_MDGA_XXXXX","entityType":"role","providerId":"GBX"}}},{"metadata":{"updatedOn":1732013231736,"updatedBy":"Wouter Lemaire","createdBy":"Wouter Lemaire","createdOn":1732013231736,"context":{"id":"SUB_ACCOUNT","contextType":"sub_account","tenantId":"aaf91952505d6f943f20ae4116bcaafb","identityZoneId":"02d92747-a1a7-4889-8bb8-c75935d90429","instanceId":"d1bbfd5e-53f8-4634-8cbf-18665ba30196"}},"cdm":{"texts":{},"payload":{},"_version":"3.0","relations":{"apps":[],"base":[{"label":"extends","target":{"id":"~gbx_S4D_FIOA_301X_XXXXX","context":{"id":"GBX","type":"SNAPSHOT"},"entityType":"role"}}]},"identification":{"id":"~gbx_S4D_FIOA_301X_XXXXX","entityType":"role","providerId":"GBX"}}},{"metadata":{"updatedOn":1732013231736,"updatedBy":"Wouter Lemaire","createdBy":"Wouter Lemaire","createdOn":1732013231736,"context":{"id":"SUB_ACCOUNT","contextType":"sub_account","tenantId":"aaf91952505d6f943f20ae4116bcaafb","identityZoneId":"02d92747-a1a7-4889-8bb8-c75935d90429","instanceId":"d1bbfd5e-53f8-4634-8cbf-18665ba30196"}},"cdm":{"texts":{},"payload":{},"_version":"3.0","relations":{"apps":[],"base":[{"label":"extends","target":{"id":"~gbx_S4D_FIOC_LFXA_XXXXX","context":{"id":"GBX","type":"SNAPSHOT"},"entityType":"role"}}]},"identification":{"id":"~gbx_S4D_FIOC_LFXA_XXXXX","entityType":"role","providerId":"GBX"}}},{"metadata":{"updatedOn":1732013231736,"updatedBy":"Wouter Lemaire","createdBy":"Wouter Lemaire","createdOn":1732013231736,"context":{"id":"SUB_ACCOUNT","contextType":"sub_account","tenantId":"aaf91952505d6f943f20ae4116bcaafb","identityZoneId":"02d92747-a1a7-4889-8bb8-c75935d90429","instanceId":"d1bbfd5e-53f8-4634-8cbf-18665ba30196"}},"cdm":{"texts":{},"payload":{},"_version":"3.0","relations":{"apps":[],"base":[{"label":"extends","target":{"id":"~gbx_S4D_HRXS_DASA_XXXXX","context":{"id":"GBX","type":"SNAPSHOT"},"entityType":"role"}}]},"identification":{"id":"~gbx_S4D_HRXS_DASA_XXXXX","entityType":"role","providerId":"GBX"}}},{"metadata":{"updatedOn":1732013231736,"updatedBy":"Wouter Lemaire","createdBy":"Wouter Lemaire","createdOn":1732013231736,"context":{"id":"SUB_ACCOUNT","contextType":"sub_account","tenantId":"aaf91952505d6f943f20ae4116bcaafb","identityZoneId":"02d92747-a1a7-4889-8bb8-c75935d90429","instanceId":"d1bbfd5e-53f8-4634-8cbf-18665ba30196"}},"cdm":{"texts":{},"payload":{},"_version":"3.0","relations":{"apps":[],"base":[{"label":"extends","target":{"id":"~gbx_S4D_FIOA_PAWA_XXXXX","context":{"id":"GBX","type":"SNAPSHOT"},"entityType":"role"}}]},"identification":{"id":"~gbx_S4D_FIOA_PAWA_XXXXX","entityType":"role","providerId":"GBX"}}},{"metadata":{"updatedOn":1732012012093,"updatedBy":"Wouter Lemaire","createdBy":"Wouter Lemaire","createdOn":1732012012093,"context":{"id":"SUB_ACCOUNT","contextType":"sub_account","tenantId":"aaf91952505d6f943f20ae4116bcaafb","identityZoneId":"02d92747-a1a7-4889-8bb8-c75935d90429","instanceId":"d1bbfd5e-53f8-4634-8cbf-18665ba30196"}},"cdm":{"texts":{},"payload":{},"_version":"3.0","relations":{"apps":[],"base":[{"label":"extends","target":{"id":"~gbx_S4D_HRXS_QUOA_XXXXX","context":{"id":"GBX","type":"SNAPSHOT"},"entityType":"role"}}]},"identification":{"id":"~gbx_S4D_HRXS_QUOA_XXXXX","entityType":"role","providerId":"GBX"}}},{"metadata":{"updatedOn":1732008717250,"updatedBy":"Wouter Lemaire","createdBy":"Wouter Lemaire","createdOn":1732008717250,"context":{"id":"SUB_ACCOUNT","contextType":"sub_account","tenantId":"aaf91952505d6f943f20ae4116bcaafb","identityZoneId":"02d92747-a1a7-4889-8bb8-c75935d90429","instanceId":"d1bbfd5e-53f8-4634-8cbf-18665ba30196"}},"cdm":{"texts":{},"payload":{},"_version":"3.0","relations":{"apps":[],"base":[{"label":"extends","target":{"id":"~be.nmbs.btc.helios_be.nmbs.btc.helios.helpcardpackage.role1","context":{"id":"be.nmbs.btc.helios","type":"SNAPSHOT"},"entityType":"role"}}]},"identification":{"id":"~be.nmbs.btc.helios_be.nmbs.btc.helios.helpcardpackage.role1","entityType":"role","providerId":"be.nmbs.btc.helios"}}},{"metadata":{"updatedOn":1730318283763,"updatedBy":"Wouter Lemaire","createdBy":"Wouter Lemaire","createdOn":1730318283763,"context":{"id":"SUB_ACCOUNT","contextType":"sub_account","tenantId":"aaf91952505d6f943f20ae4116bcaafb","identityZoneId":"02d92747-a1a7-4889-8bb8-c75935d90429","instanceId":"d1bbfd5e-53f8-4634-8cbf-18665ba30196"}},"cdm":{"texts":{},"payload":{},"_version":"3.0","relations":{"apps":[],"base":[{"label":"extends","target":{"id":"~gbx_S4D_FIOA_ILRP_XXXXX","context":{"id":"GBX","type":"SNAPSHOT"},"entityType":"role"}}]},"identification":{"id":"~gbx_S4D_FIOA_ILRP_XXXXX","entityType":"role","providerId":"GBX"}}},{"metadata":{"updatedOn":1730318283763,"updatedBy":"Wouter Lemaire","createdBy":"Wouter Lemaire","createdOn":1730318283763,"context":{"id":"SUB_ACCOUNT","contextType":"sub_account","tenantId":"aaf91952505d6f943f20ae4116bcaafb","identityZoneId":"02d92747-a1a7-4889-8bb8-c75935d90429","instanceId":"d1bbfd5e-53f8-4634-8cbf-18665ba30196"}},"cdm":{"texts":{},"payload":{},"_version":"3.0","relations":{"apps":[],"base":[{"label":"extends","target":{"id":"~gbx_S4D_HRXS_TMCA_XXXXX","context":{"id":"GBX","type":"SNAPSHOT"},"entityType":"role"}}]},"identification":{"id":"~gbx_S4D_HRXS_TMCA_XXXXX","entityType":"role","providerId":"GBX"}}},{"metadata":{"updatedOn":1726729999358,"updatedBy":"EXU243","createdBy":"Wouter Lemaire","createdOn":1702471010000,"context":{"id":"SUB_ACCOUNT","contextType":"sub_account","tenantId":"aaf91952505d6f943f20ae4116bcaafb","identityZoneId":"02d92747-a1a7-4889-8bb8-c75935d90429","instanceId":"d1bbfd5e-53f8-4634-8cbf-18665ba30196"}},"cdm":{"texts":{"cdm|identification|title":{"type":"XTIT","value":{"":"Foundation General"}},"cdm|identification|description":{"type":"XTIT","value":{"":""}}},"payload":{"apps":[]},"_version":"3.0","relations":{"apps":[{"label":"ref","target":{"id":"saas_approuter_com.nmbs.nfcscanning","context":{"id":"SUB_ACCOUNT","type":"SUB_ACCOUNT"},"entityType":"businessapp"}},{"label":"ref","target":{"id":"saas_approuter_zopsmatconapp","context":{"id":"SUB_ACCOUNT","type":"SUB_ACCOUNT"},"entityType":"businessapp"}},{"label":"ref","target":{"id":"saas_approuter_be.nmbs.plugins.nfcscanning.nfcscanningplugin","context":{"id":"SUB_ACCOUNT","type":"SUB_ACCOUNT"},"entityType":"businessapp"}}],"spaces":[{"label":"ref","target":{"id":"c4b665b8-ac51-49a8-9a58-a3e1136788bd","context":{"id":"SUB_ACCOUNT","type":"SUB_ACCOUNT"},"entityType":"space"}}]},"identification":{"id":"WZ_LOCAL_FDN_GENERAL","title":"{{cdm|identification|title}}","entityType":"role","description":"{{cdm|identification|description}}"}}},{"metadata":{"updatedOn":1724930111583,"updatedBy":"EXU243","createdBy":"EXU243","createdOn":1724930104812,"context":{"id":"SUB_ACCOUNT","contextType":"sub_account","tenantId":"aaf91952505d6f943f20ae4116bcaafb","identityZoneId":"02d92747-a1a7-4889-8bb8-c75935d90429","instanceId":"d1bbfd5e-53f8-4634-8cbf-18665ba30196"}},"cdm":{"texts":{"cdm|identification|title":{"type":"XTIT","value":{"":"Document Management Service Admin"}},"cdm|identification|description":{"type":"XTIT","value":{"":""}}},"payload":{"apps":[]},"_version":"3.0","relations":{"apps":[{"label":"ref","target":{"id":"sdm-web_com.sap.ecm.sdm.mobonboard","context":{"id":"SUB_ACCOUNT","type":"SUB_ACCOUNT"},"entityType":"businessapp"}},{"label":"ref","target":{"id":"sdm-web_com.sap.ecm.sdm.user","context":{"id":"SUB_ACCOUNT","type":"SUB_ACCOUNT"},"entityType":"businessapp"}},{"label":"ref","target":{"id":"sdm-web_com.sap.ecm.sdm.admin","context":{"id":"SUB_ACCOUNT","type":"SUB_ACCOUNT"},"entityType":"businessapp"}}],"spaces":[{"label":"ref","target":{"id":"c4b665b8-ac51-49a8-9a58-a3e1136788bd","context":{"id":"SUB_ACCOUNT","type":"SUB_ACCOUNT"},"entityType":"space"}}]},"identification":{"id":"WZ_LOCAL_DMS_ADMIN","title":"{{cdm|identification|title}}","entityType":"role","description":"{{cdm|identification|description}}"}}},{"metadata":{"updatedOn":1724930044523,"updatedBy":"EXU243","createdBy":"EXU243","createdOn":1724930038130,"context":{"id":"SUB_ACCOUNT","contextType":"sub_account","tenantId":"aaf91952505d6f943f20ae4116bcaafb","identityZoneId":"02d92747-a1a7-4889-8bb8-c75935d90429","instanceId":"d1bbfd5e-53f8-4634-8cbf-18665ba30196"}},"cdm":{"texts":{"cdm|identification|title":{"type":"XTIT","value":{"":"Document Management Service User"}},"cdm|identification|description":{"type":"XTIT","value":{"":""}}},"payload":{"apps":[]},"_version":"3.0","relations":{"apps":[{"label":"ref","target":{"id":"sdm-web_com.sap.ecm.sdm.user","context":{"id":"SUB_ACCOUNT","type":"SUB_ACCOUNT"},"entityType":"businessapp"}}],"spaces":[{"label":"ref","target":{"id":"c4b665b8-ac51-49a8-9a58-a3e1136788bd","context":{"id":"SUB_ACCOUNT","type":"SUB_ACCOUNT"},"entityType":"space"}}]},"identification":{"id":"WZ_LOCAL_DMS_USER","title":"{{cdm|identification|title}}","entityType":"role","description":"{{cdm|identification|description}}"}}},{"metadata":{"updatedOn":1724929787651,"updatedBy":"EXU243","createdBy":"EXU243","createdOn":1724929728048,"context":{"id":"SUB_ACCOUNT","contextType":"sub_account","tenantId":"aaf91952505d6f943f20ae4116bcaafb","identityZoneId":"02d92747-a1a7-4889-8bb8-c75935d90429","instanceId":"d1bbfd5e-53f8-4634-8cbf-18665ba30196"}},"cdm":{"texts":{"cdm|identification|title":{"type":"XTIT","value":{"":"Lean User"}},"cdm|identification|description":{"type":"XTIT","value":{"":""}}},"payload":{"apps":[]},"_version":"3.0","relations":{"apps":[{"label":"ref","target":{"id":"saas_approuter_be.nmbs.lean.board","context":{"id":"SUB_ACCOUNT","type":"SUB_ACCOUNT"},"entityType":"businessapp"}}],"spaces":[{"label":"ref","target":{"id":"c4b665b8-ac51-49a8-9a58-a3e1136788bd","context":{"id":"SUB_ACCOUNT","type":"SUB_ACCOUNT"},"entityType":"space"}}]},"identification":{"id":"WZ_LOCAL_LEAN_USER","title":"{{cdm|identification|title}}","entityType":"role","description":"{{cdm|identification|description}}"}}},{"metadata":{"updatedOn":1724929773984,"updatedBy":"EXU243","createdBy":"EXU243","createdOn":1724929757379,"context":{"id":"SUB_ACCOUNT","contextType":"sub_account","tenantId":"aaf91952505d6f943f20ae4116bcaafb","identityZoneId":"02d92747-a1a7-4889-8bb8-c75935d90429","instanceId":"d1bbfd5e-53f8-4634-8cbf-18665ba30196"}},"cdm":{"texts":{"cdm|identification|title":{"type":"XTIT","value":{"":"Lean Admin"}},"cdm|identification|description":{"type":"XTIT","value":{"":""}}},"payload":{"apps":[]},"_version":"3.0","relations":{"apps":[{"label":"ref","target":{"id":"saas_approuter_be.nmbs.lean.dstum","context":{"id":"SUB_ACCOUNT","type":"SUB_ACCOUNT"},"entityType":"businessapp"}},{"label":"ref","target":{"id":"sdm-web_com.sap.ecm.sdm.mobonboard","context":{"id":"SUB_ACCOUNT","type":"SUB_ACCOUNT"},"entityType":"businessapp"}},{"label":"ref","target":{"id":"sdm-web_com.sap.ecm.sdm.migration","context":{"id":"SUB_ACCOUNT","type":"SUB_ACCOUNT"},"entityType":"businessapp"}},{"label":"ref","target":{"id":"sdm-web_com.sap.ecm.sdm.user","context":{"id":"SUB_ACCOUNT","type":"SUB_ACCOUNT"},"entityType":"businessapp"}},{"label":"ref","target":{"id":"sdm-web_com.sap.ecm.sdm.admin","context":{"id":"SUB_ACCOUNT","type":"SUB_ACCOUNT"},"entityType":"businessapp"}},{"label":"ref","target":{"id":"saas_approuter_be.nmbs.lean.projects","context":{"id":"SUB_ACCOUNT","type":"SUB_ACCOUNT"},"entityType":"businessapp"}}],"spaces":[{"label":"ref","target":{"id":"c4b665b8-ac51-49a8-9a58-a3e1136788bd","context":{"id":"SUB_ACCOUNT","type":"SUB_ACCOUNT"},"entityType":"space"}}]},"identification":{"id":"WZ_LOCAL_LEAN_ADMIN","title":"{{cdm|identification|title}}","entityType":"role","description":"{{cdm|identification|description}}"}}},{"metadata":{"updatedOn":1717056004000,"updatedBy":"EXE236","createdBy":"EXE443","createdOn":1701960363000,"context":{"id":"SUB_ACCOUNT","contextType":"sub_account","tenantId":"aaf91952505d6f943f20ae4116bcaafb","identityZoneId":"02d92747-a1a7-4889-8bb8-c75935d90429","instanceId":"d1bbfd5e-53f8-4634-8cbf-18665ba30196"}},"cdm":{"texts":{"cdm|identification|title":{"type":"XTIT","value":{"":"WMS"}},"cdm|identification|description":{"type":"XTIT","value":{"":""}}},"payload":{"apps":[]},"_version":"3.0","relations":{"apps":[{"label":"ref","target":{"id":"saas_approuter_zwmsinvcsintvns","context":{"id":"SUB_ACCOUNT","type":"SUB_ACCOUNT"},"entityType":"businessapp"}},{"label":"ref","target":{"id":"ff83f39c-3822-4a0a-aef8-fe5e4a6632a3","context":{"id":"SUB_ACCOUNT","type":"SUB_ACCOUNT"},"entityType":"businessapp"}}],"spaces":[{"label":"ref","target":{"id":"4eb4144d-bfb0-414e-9743-f0f4bbab3db8","context":{"id":"SUB_ACCOUNT","type":"SUB_ACCOUNT"},"entityType":"space"}}]},"identification":{"id":"WZ_LOCAL_WMS","title":"{{cdm|identification|title}}","entityType":"role","description":"{{cdm|identification|description}}"}}},{"metadata":{"updatedOn":1702460245000,"updatedBy":"EXE443","createdBy":"EXE443","createdOn":1702460245000,"context":{"id":"SUB_ACCOUNT","contextType":"sub_account","tenantId":"aaf91952505d6f943f20ae4116bcaafb","identityZoneId":"02d92747-a1a7-4889-8bb8-c75935d90429","instanceId":"d1bbfd5e-53f8-4634-8cbf-18665ba30196"}},"cdm":{"texts":{"cdm|identification|title":{"type":"XTIT","value":{"":"ECM"}},"cdm|identification|description":{"type":"XTIT","value":{"":""}}},"payload":{"apps":[]},"_version":"3.0","relations":{"apps":[{"label":"ref","target":{"id":"saas_approuter_be.nmbs.zecmmywagons","context":{"id":"SUB_ACCOUNT","type":"SUB_ACCOUNT"},"entityType":"businessapp"}}],"spaces":[{"label":"ref","target":{"id":"ad58488e-fc53-4645-8253-491ed828fa94","context":{"id":"SUB_ACCOUNT","type":"SUB_ACCOUNT"},"entityType":"space"}}]},"identification":{"id":"WZ_LOCAL_ECM","title":"{{cdm|identification|title}}","entityType":"role","description":"{{cdm|identification|description}}"}}}]